rank_macro_f1,ablation,experiment,experiment_name,config,fusion,arch,n_streams,streams_summary,has_cpc,has_openface,has_coord_summary,has_coord_continuous,n_params,best_epoch,epochs_run,macro_f1,weighted_f1,macro_recall,accuracy,h_f1,h_recall,y_f1,y_recall,b_f1,b_recall
1,Coordination + Self-Attention,full_dyad_plus_coordination_self_attention,Full Dyad + WCC-Continuous,CPC(A+B) + OF(A+B) + Coord_cont(A),SelfAttentionFusion,Self-Attention,5,cpc/speaker; cpc/listener; openface/speaker; openface/listener; coordination_openface_continuous/speaker,1,1,0,1,558083,7,11,0.7065341815405884,0.9305400116745803,0.7215051374603033,0.9272141349038782,0.9668890536199654,0.958070637203893,0.5845824411134904,0.5526315789473685,0.5681310498883098,0.6538131962296486
2,Standard + Self-Attention,cpc_both_attention,Audio Dyad,CPC(A+B),SelfAttentionFusion,Self-Attention,2,cpc/speaker; cpc/listener,1,0,0,0,241283,6,10,0.7046968449364016,0.9262938655396564,0.7280938664340756,0.9212690298922103,0.9632225254279335,0.9506641366223909,0.6059322033898306,0.5789473684210527,0.5449358059914408,0.6546700942587832
3,Coordination + Self-Attention,cpc_speaker_cpc_listener_coord_self_attention,Audio Dyad + WCC-Continuous,CPC(A+B) + Coord_cont(A),SelfAttentionFusion,Self-Attention,3,cpc/speaker; cpc/listener; coordination_openface_continuous/speaker,1,0,0,1,346883,9,13,0.7034539586991632,0.9318563150574305,0.7178780561144827,0.9293254806089566,0.9684995684872395,0.9616820713717329,0.5696594427244582,0.5587044534412956,0.5722028648857918,0.6332476435304198
4,Standard,cpc_both_neural_concat,Audio Dyad,CPC(A+B),NeuralConcatFusion,Neural-Concat,2,cpc/speaker; cpc/listener,1,0,0,0,132099,5,9,0.6969145675256144,0.9242829401796434,0.7392119635155302,0.9182686965218357,0.961358969572522,0.945706065985187,0.5772200772200772,0.6052631578947368,0.5521646557842441,0.6666666666666666
5,Standard + Self-Attention,full_dyad_attention,Full Dyad,CPC(A+B) + OF(A+B),SelfAttentionFusion,Self-Attention,4,cpc/speaker; cpc/listener; openface/speaker; openface/listener,1,1,0,0,452483,5,9,0.6883340016245042,0.9260116921793096,0.718973630102762,0.9213801533503723,0.963796416837146,0.9516435086001102,0.5412935323383085,0.5506072874493927,0.5599120556980579,0.6546700942587832
6,Standard,full_dyad,Full Dyad,CPC(A+B) + OF(A+B),NeuralConcatFusion,Neural-Concat,4,cpc/speaker; cpc/listener; openface/speaker; openface/listener,1,1,0,0,174467,8,12,0.6841407696891763,0.9211334057657219,0.7477448851889378,0.913379264362707,0.9592799774992968,0.9394625696272265,0.5481352992194276,0.6396761133603239,0.5450070323488045,0.6640959725792631
7,Standard,cpc_both_early,Audio Dyad,CPC(A+B),EarlyFusionGRU,Early Fusion,2,cpc/speaker; cpc/listener,1,0,0,0,165251,6,10,0.6805580091678015,0.9204697021777923,0.7519127182146276,0.9131570174463829,0.9605041492481438,0.9422782640631695,0.5748407643312102,0.7307692307692307,0.5063291139240507,0.5826906598114824
8,Coordination,full_dyad_plus_coordination,Full Dyad + WCC-Summary,CPC(A+B) + OF(A+B) + Coord_sum(A),NeuralConcatFusion,Neural-Concat,5,cpc/speaker; cpc/listener; openface/speaker; openface/listener; coordination_openface/speaker,1,1,1,0,194883,9,13,0.669012030072572,0.9126721604840555,0.7417180486284648,0.901211245693966,0.9523719464144995,0.9247107792128297,0.5399999999999999,0.6012145748987854,0.5146641438032168,0.699228791773779
9,Standard + Cross-Attention,cpc_speaker_of_listener_cross_attention,Speaker Audio + Listener Face,CPC(A) + OF(B),CrossAttentionFusion,Cross-Attention,2,cpc/speaker; openface/listener,1,1,0,0,59971,2,6,0.5812967256627976,0.881481218277367,0.6228833006289168,0.8674852761417935,0.9332579185520362,0.9089796168207137,0.4869888475836432,0.5303643724696356,0.3236434108527132,0.42930591259640105
10,Standard,cpc_speaker_of_dyad,Speaker Audio + Face Dyad,CPC(A) + OF(A+B),NeuralConcatFusion,Neural-Concat,3,cpc/speaker; openface/listener; openface/speaker,1,1,0,0,108547,4,8,0.5684910609046468,0.8561334311239567,0.6722918078088523,0.8230914546060674,0.9060538702928871,0.8483197649507254,0.4850444624090542,0.6072874493927125,0.31437485001199905,0.5612682090831191
11,Standard,cpc_speaker_of_listener,Speaker Audio + Listener Face,CPC(A) + OF(B),NeuralConcatFusion,Neural-Concat,2,cpc/speaker; openface/listener,1,1,0,0,87363,6,10,0.5678323862787005,0.8522461209973711,0.6625614442607257,0.8165907323035893,0.9012982744453575,0.839260574156822,0.4783808647654094,0.5263157894736842,0.3238180196253345,0.622107969151671
12,Standard + Cross-Attention,cpc_speaker_of_listener_self_cross_attention,Speaker Audio + Listener Face,CPC(A) + OF(B),SelfCrossAttentionFusion,Self+Cross-Attention,2,cpc/speaker; openface/listener,1,1,0,0,259907,2,6,0.5624133305473534,0.8738419144997068,0.6159706908169722,0.8559839982220246,0.9266563261688455,0.8959417273673257,0.4442477876106194,0.5080971659919028,0.3163358778625954,0.4438731790916881
13,Coordination,cpc_speaker_both_faces_coord,Speaker Audio + Face Dyad + WCC-Summary,CPC(A) + OF(A+B) + Coord_sum(A),NeuralConcatFusion,Neural-Concat,4,cpc/speaker; openface/speaker; openface/listener; coordination_openface/speaker,1,1,1,0,128963,1,5,0.5588551791598414,0.8601398425501763,0.6236428869977229,0.8339259917768641,0.9120257234726689,0.8680908367509335,0.4623853211009174,0.5101214574898786,0.302154492905938,0.49271636675235647
14,Coordination,cpc_speaker_of_listener_coord,Speaker Audio + Listener Face + WCC-Summary,CPC(A) + OF(B) + Coord_sum(A),NeuralConcatFusion,Neural-Concat,3,cpc/speaker; openface/listener; coordination_openface/speaker,1,1,1,0,107779,8,12,0.5545763705760024,0.8579149748131275,0.6740673312723394,0.8268140904544949,0.9090612777053455,0.8535838893309665,0.4328049620951068,0.6356275303643725,0.32186287192755497,0.5329905741216795
15,Coordination,cpc_speaker_plus_coordination,Speaker Audio + WCC-Summary,CPC(A) + Coord_sum(A),NeuralConcatFusion,Neural-Concat,2,cpc/speaker; coordination_openface/speaker,1,0,1,0,86595,1,5,0.5533619415664076,0.8782653529564703,0.567768239852926,0.8662629181020113,0.93217423934457,0.9123462079941238,0.40324449594438005,0.3522267206477733,0.3246670894102727,0.4387317909168809
16,Coordination + Self-Attention,cpc_speaker_coord_self_attention,Speaker Audio + WCC-Continuous,CPC(A) + Coord_cont(A),SelfAttentionFusion,Self-Attention,2,cpc/speaker; coordination_openface_continuous/speaker,1,0,0,1,226371,3,7,0.5439506134268185,0.8750511744908825,0.5717264915739894,0.864262695855095,0.931474376968903,0.913998898206525,0.4244670991658943,0.46356275303643724,0.2759103641456582,0.337617823479006
17,Standard + Self-Attention,cpc_speaker_of_listener_attention,Speaker Audio + Listener Face,CPC(A) + OF(B),SelfAttentionFusion,Self-Attention,2,cpc/speaker; openface/listener,1,1,0,0,226371,7,11,0.5371956429151199,0.8276305287611607,0.6458934249114544,0.7802533614846094,0.8780438652470359,0.8000856950480504,0.453125,0.52834008097166,0.2804180634983238,0.609254498714653
18,Coordination + Self-Attention,cpc_speaker_of_speaker_coord_self_attention,Speaker Audio + Speaker Face + WCC-Continuous,CPC(A) + OF(A) + Coord_cont(A),SelfAttentionFusion,Self-Attention,3,cpc/speaker; openface/speaker; coordination_openface_continuous/speaker,1,1,0,1,331971,2,6,0.5357967642141498,0.8819049827325361,0.5499208922600292,0.8793754861651295,0.9404348227190259,0.9359735569566016,0.400735294117647,0.44129554655870445,0.26622017580577645,0.27249357326478146
19,Standard + Self-Attention,cpc_speaker_of_dyad_attention,Speaker Audio + Face Dyad,CPC(A) + OF(A+B),SelfAttentionFusion,Self-Attention,3,cpc/speaker; openface/listener; openface/speaker,1,1,0,0,331971,3,7,0.5355743014974271,0.8442134298612501,0.610727234576948,0.8092565840648961,0.8971352039983013,0.8405459998775785,0.43155031731640986,0.4817813765182186,0.2780373831775701,0.5098543273350471
20,Coordination + Self-Attention,cpc_speaker_of_listener_coord_self_attention,Speaker Audio + Listener Face + WCC-Continuous,CPC(A) + OF(B) + Coord_cont(A),SelfAttentionFusion,Self-Attention,3,cpc/speaker; openface/listener; coordination_openface_continuous/speaker,1,1,0,1,331971,3,7,0.5299201970067281,0.8205643626442495,0.6241137498463046,0.7703633737081897,0.8706605430230988,0.7890677602987084,0.43782117163412126,0.4311740890688259,0.2812788763629643,0.6520994001713796
21,Coordination,openface_BOTH_with_coord_neural_concat,Face Dyad + WCC-Summary,OF(A+B) + Coord_sum(A),NeuralConcatFusion,Neural-Concat,3,openface/speaker; openface/listener; coordination_openface/speaker,0,1,1,0,63043,6,10,0.47662256494318384,0.8249230693959728,0.5702224742739177,0.7799755528392044,0.8804565478574289,0.8074309848809451,0.264808362369338,0.3076923076923077,0.2846027846027846,0.5955441302485004
22,Coordination + Self-Attention,openface_coord_self_attention,Face Dyad + WCC-Continuous,OF(A+B) + Coord_cont(A),SelfAttentionFusion,Self-Attention,3,openface/speaker; openface/listener; coordination_openface_continuous/speaker,0,1,0,1,317059,5,9,0.4368258662270206,0.8132299475393081,0.5191990818611529,0.7645849538837649,0.8732901848268498,0.8011262777743772,0.208955223880597,0.3117408906882591,0.22823218997361477,0.44473007712082263
23,Standard + Self-Attention,of_speaker_of_listener_attention,Face Dyad,OF(A+B),SelfAttentionFusion,Self-Attention,2,openface/speaker; openface/listener,0,1,0,0,211459,4,8,0.43677797343586006,0.8580614117201926,0.4597598759342734,0.8462606956328481,0.9221279393806556,0.9013282732447818,0.11062590975254732,0.07692307692307693,0.2775800711743772,0.40102827763496146
24,Coordination,openface_with_coord_neural_concat,Speaker Face + WCC-Summary,OF(A) + Coord_sum(A),NeuralConcatFusion,Neural-Concat,2,openface/speaker; coordination_openface/speaker,0,1,1,0,41859,8,12,0.39969303425393465,0.80303005293368,0.4508711531895225,0.759251027891988,0.8663348386458779,0.8043704474505723,0.1317829457364341,0.1720647773279352,0.2009613183794919,0.37617823479005996
