interaction_id,annotated_participant,non_annotated_participant,emotion_features_present,annotation,start_ts,end_ts,start_idx,end_idx,n_frames,annotated_mean_valence,annotated_mean_arousal,non_annotated_mean_valence,non_annotated_mean_arousal
V00_S1132_I00000333,P1093,P0737,True,The participant was delighted,26,28,780,840,60,0.457692,0.114335,0.078868,0.221925
V00_S1132_I00000333,P0737,P1093,True,The participant was interested in the talk,50,52,1500,1560,60,-0.080951,0.029618,0.062375,0.278428
V00_S1132_I00000333,P0737,P1093,True,The participant was engrossed and enthusiastic,62,66,1860,1980,120,0.307005,0.296203,0.46423,0.268683
V00_S1132_I00000333,P1093,P0737,True,The participant was surprised,126,127,3780,3810,30,0.208864,0.266975,0.036174,0.408135
V00_S1132_I00000333,P0737,P1093,True,The participant was expressive and happy,204,206,6120,6180,60,0.100739,0.361027,0.124738,0.208344
V00_S1132_I00000333,P1093,P0737,True,The participant was impressed and interested,208,214,6240,6420,180,0.162997,0.153864,0.106188,0.376993
V00_S1132_I00000333,P1093,P0737,True,The participant was taken aback,240,243,7200,7290,90,-0.062455,0.278834,0.118325,0.363412
V00_S1132_I00000335,P0737,P1093,True,The participant was pensive,136,141,4080,4230,150,0.016997,0.369779,-0.205725,0.049926
V00_S1132_I00000335,P0737,P1093,True,The participant was tranquil and serene,164,165,4920,4950,30,0.130615,0.138911,0.414592,0.203217
V00_S1132_I00000335,P1093,P0737,True,The participant was ruminative,189,190,5670,5700,30,-0.014115,0.272372,0.351375,0.120129
V00_S1132_I00000335,P1093,P0737,True,The participant was excited,215,217,6450,6510,60,0.426866,0.277332,0.4356,0.279074
V00_S1132_I00000335,P1093,P0737,True,The participant was assertive,221,225,6630,6750,120,0.360978,0.232496,0.342214,0.315699
V00_S1132_I00000336,P0737,P1093,True,The participant was expressive,54,55,1620,1650,30,0.04566,0.283175,-0.309493,0.199944
V00_S1132_I00000336,P1093,P0737,True,The participant was absorbed with the talk,70,71,2100,2130,30,0.413873,0.242738,0.073618,0.323368
V00_S1132_I00000336,P0737,P1093,True,The participant was demonstrative,121,122,3630,3660,30,0.21977,0.289622,0.108254,0.0617
V00_S1132_I00000336,P0737,P1093,True,The participant was zealous in the talk,272,276,8160,8280,120,-0.06247,0.175445,-0.187798,0.105182
V00_S1132_I00000336,P1093,P0737,True,The participant was contemplative,306,311,9180,9330,150,0.335115,0.245534,0.248164,0.130795
V00_S1132_I00000336,P1093,P0737,True,The participant was ruminative and a little amused,331,336,9930,10080,150,0.433127,0.228642,0.161068,0.166119
V00_S1132_I00000337,P0737,P1093,True,The participant was amused a lot,13,23,390,690,300,0.185901,0.196266,0.410587,0.209001
V00_S1132_I00000337,P1093,P0737,True,The participant was cracked up,25,31,750,930,180,0.490969,0.233916,0.417157,0.282895
V00_S1132_I00000337,P1093,P0737,True,The participant was creased up,80,84,2400,2520,120,0.234597,0.106172,0.516079,0.311862
V00_S1132_I00000352,P1093,P0737,True,The participant was expressive and outspoken,14,21,420,630,210,0.237153,0.295195,-0.098273,-0.018543
V00_S1132_I00000352,P0737,P1093,True,The participant was slightly surprised and interested in the talk,22,24,660,720,60,0.0,0.0,0.372993,0.259626
V00_S1132_I00000352,P1093,P0737,True,The participant was a little nostalgic,67,70,2010,2100,90,0.186233,0.262953,0.401098,0.209208
V00_S1132_I00000352,P0737,P1093,True,The participant was serene,92,96,2760,2880,120,0.158709,0.062397,0.495521,0.229108
V00_S1132_I00000352,P0737,P1093,True,The participant was stunned,105,109,3150,3270,120,0.152874,0.116455,0.111728,0.378258
V00_S1132_I00000352,P0737,P1093,True,The participant was insightful,118,123,3540,3690,150,0.068193,0.253199,0.195631,0.088625
V00_S1132_I00000352,P1093,P0737,True,The participant was surprised and joyful,133,135,3990,4050,60,0.323614,0.372539,0.019163,0.400341
V00_S1132_I00000360,P1093,P0737,True,The participant was very confused,21,23,630,690,60,0.155746,0.279244,-0.106301,0.076467
V00_S1132_I00000360,P0737,P1093,True,The participant was uncomfortable,48,51,1440,1530,90,-0.149069,-0.001432,0.276747,0.215073
V00_S1132_I00000360,P1093,P0737,True,The participant was happy and expressive,76,79,2280,2370,90,0.069059,0.25917,-0.093768,-0.006996
V00_S1132_I00000360,P0737,P1093,True,The participant was insightful but assertive,161,163,4830,4890,60,0.07982,0.279383,-0.13145,0.006463
V00_S1132_I00000360,P0737,P1093,True,The participant was composed,180,184,5400,5520,120,-0.159667,-0.008508,0.026064,0.081953
V00_S1132_I00000361,P1093,P0737,True,The participant was overjoyed,16,22,480,660,180,0.316301,0.143651,0.290895,0.335727
V00_S1132_I00000361,P0737,P1093,True,The participant was very ardent and energetic,17,22,510,660,150,0.271791,0.341201,0.282165,0.121465
V00_S1132_I00000361,P1093,P0737,True,The participant was very demonstrative,60,61,1800,1830,30,0.242974,0.74898,0.01743,0.516773
V00_S1132_I00000361,P0737,P1093,True,The participant was taken aback,101,107,3030,3210,180,0.195403,0.200672,0.122509,0.200064
V00_S1204_I00000198,P1109,P1110,True,The partner was hesitant,2,13,60,390,330,0.041756,0.10916,-0.137317,-0.009625
V00_S1204_I00000198,P1110,P1109,True,The participant was interested,59,61,1770,1830,60,0.481445,0.157224,0.322283,0.126567
V00_S1204_I00000201,P1109,P1110,True,The participant was confused,0,17,0,510,510,-0.029191,0.008277,-0.170045,0.001064
V00_S1204_I00000201,P1110,P1109,True,The participant was supportive and focused,0,17,0,510,510,-0.170045,0.001064,-0.029191,0.008277
V00_S1204_I00000201,P1110,P1109,True,The participant was pleased,127,129,3810,3870,60,0.199924,0.098278,0.101207,-0.001008
V00_S1204_I00000201,P1109,P1110,True,The participant was focused and patient,139,150,4170,4500,330,0.017398,-0.016729,0.052811,0.103859
V00_S1204_I00000201,P1110,P1109,True,The participant was hesitant,150,166,4500,4980,480,-0.027454,0.180734,0.031795,0.020592
V00_S1204_I00000201,P1110,P1109,True,The participant was amused,266,270,7980,8100,120,0.456722,0.289579,0.24678,0.03845
V00_S1204_I00000201,P1109,P1110,True,The participant was confused,271,276,8130,8280,150,-0.023503,0.147029,0.377585,0.257433
V00_S1204_I00000201,P1110,P1109,True,The participant was excited,288,293,8640,8790,150,0.448354,0.360516,0.074916,0.074401
V00_S1204_I00000201,P1109,P1110,True,The participant was content,362,363,10860,10890,30,0.294422,0.067804,0.471817,0.300235
V00_S1204_I00000201,P1109,P1110,True,The participant was focused and eager,427,431,12810,12930,120,0.035464,0.028209,0.389802,0.248188
V00_S1204_I00000202,P1109,P1110,True,The participant was amused,24,29,720,870,150,0.352114,0.02129,0.360849,0.230366
V00_S1204_I00000202,P1109,P1110,True,The participant was entertained,76,80,2280,2400,120,0.429638,0.054134,0.461102,0.247684
V00_S1204_I00000202,P1110,P1109,True,The participant was excited,84,84,2520,2520,0,,,,
V00_S1204_I00000202,P1110,P1109,True,The participant was amused,100,105,3000,3150,150,0.185733,0.121815,0.234247,0.041674
V00_S1204_I00000204,P1109,P1110,True,The participant was uncomfortable and focused,163,166,4890,4980,90,-0.020593,0.009726,-0.137617,0.15463
V00_S1204_I00000204,P1109,P1110,True,The participant was exhausted,221,223,6630,6690,60,0.013702,0.016069,-0.12541,0.213541
V00_S1204_I00000204,P1110,P1109,True,The participant was hesitant,237,239,7110,7170,60,-0.241257,0.1117,0.014465,-0.021595
V00_S1204_I00000204,P1109,P1110,True,The participant was happy,307,308,9210,9240,30,0.31889,0.102604,0.453986,0.253332
V00_S1204_I00000204,P1110,P1109,True,The participant was happy and satisfied,324,325,9720,9750,30,0.449543,0.368267,0.28651,0.065184
V00_S1204_I00000204,P1109,P1110,True,The participant was enthusiastic and playful,355,361,10650,10830,180,0.0,0.0,0.328417,0.245593
V00_S1204_I00000204,P1110,P1109,True,The participant was amused,357,361,10710,10830,120,0.414999,0.314968,0.0,0.0
V00_S1279_I00000314,P1118,P0317,True,The participant was thrilled and impressed.,68,69,2040,2070,30,0.48995,0.251037,0.566472,0.306315
V00_S1279_I00000314,P0317,P1118,True,The participant was bold and defensive,82,84,2460,2520,60,-0.034255,0.194817,0.408436,0.195605
V00_S1279_I00000314,P1118,P0317,True,The participant was animated,86,88,2580,2640,60,0.36734,0.349146,0.447839,0.296826
V00_S1279_I00000314,P0317,P1118,True,The participant was joyful and relieved.,164,165,4920,4950,30,0.497929,0.336279,0.43429,0.315776
V00_S1279_I00000314,P1118,P0317,True,The participant was open,235,238,7050,7140,90,0.327511,0.338533,0.425891,0.17007
V00_S1279_I00000314,P0317,P1118,True,The participant was empathetic and relatable,248,250,7440,7500,60,0.439927,0.178077,0.067129,0.316772
V00_S1279_I00000314,P1118,P0317,True,The participant was vulnerable,278,279,8340,8370,30,-0.209015,0.527616,0.201396,0.146215
V00_S1279_I00000314,P0317,P1118,True,The participant was startled and disturbed,285,287,8550,8610,60,0.110664,-0.057324,0.0569,0.602684
V00_S1279_I00000315,P1118,P0317,True,The participant was animated and proud,12,15,360,450,90,0.319422,0.29904,0.301781,0.081543
V00_S1279_I00000315,P0317,P1118,True,The participant was surprised and attentive,68,70,2040,2100,60,0.445041,0.237773,-0.239067,0.262411
V00_S1279_I00000315,P1118,P0317,True,The participant was downhearted and frustrated,73,78,2190,2340,150,0.388907,0.307861,0.071026,0.044527
V00_S1279_I00000315,P1118,P0317,True,The participant was amused and a little goofy,107,110,3210,3300,90,0.255175,0.335731,0.160145,0.13631
V00_S1279_I00000315,P0317,P1118,True,The participant was disgusted,117,121,3510,3630,120,0.409516,0.229193,0.30695,0.386131
V00_S1279_I00000315,P0317,P1118,True,The participant was frustrated and resentful.,159,169,4770,5070,300,0.427111,0.200007,0.331729,0.239236
V00_S1279_I00000315,P1118,P0317,True,The participant was wry and empathetic,159,171,4770,5130,360,0.349314,0.253559,0.396719,0.188709
V00_S1279_I00000315,P1118,P0317,True,The participant was curious and eager,207,209,6210,6270,60,-0.017674,0.362113,0.126137,0.145413
V00_S1279_I00000315,P0317,P1118,True,The participant was embarrassed and self-conscious.,236,239,7080,7170,90,0.128838,0.041732,0.398616,0.209886
V00_S1279_I00000315,P1118,P0317,True,The participant was empathetic and slightly embarrassed,244,248,7320,7440,120,0.339908,0.310851,0.477457,0.237341
V00_S1279_I00000316,P0317,P1118,True,The participant was annoyed and indignant,39,52,1170,1560,390,0.262809,0.154411,0.296814,0.244592
V00_S1279_I00000316,P1118,P0317,True,The participant was empathetic and pitiful,76,78,2280,2340,60,-0.11071,0.108851,0.0,0.0
V00_S1279_I00000316,P0317,P1118,True,The participant was skeptical and suspicious.,102,105,3060,3150,90,0.075742,0.219812,-0.396927,0.465597
V00_S1279_I00000316,P0317,P1118,True,The participant was surprised and astonished.,192,199,5760,5970,210,-0.037818,-0.03624,0.165171,0.447861
V00_S1279_I00000316,P1118,P0317,True,The participant was flustered and guilty,227,229,6810,6870,60,0.093796,0.382342,0.031654,0.020232
V00_S1279_I00000316,P0317,P1118,True,The participant was sympathetic and amused,232,236,6960,7080,120,0.502982,0.272992,0.283677,0.2624
V00_S1279_I00000319,P0317,P1118,True,The participant was elated and enthusiastic.,38,42,1140,1260,120,0.220992,0.113874,0.263075,0.302863
V00_S1279_I00000319,P1118,P0317,True,The participant was agreeable and supportive.,42,43,1260,1290,30,0.554356,0.350935,0.0,0.0
V00_S1279_I00000319,P1118,P0317,True,The participant was eager and passionate.,86,90,2580,2700,120,-0.066514,0.61412,0.269103,0.046428
V00_S1279_I00000319,P0317,P1118,True,The participant was pleased,123,124,3690,3720,30,0.55416,0.355587,0.048023,0.19267
V00_S1279_I00000319,P1118,P0317,True,The participant was excited and zealous,173,176,5190,5280,90,0.062951,0.359771,0.271108,0.119422
V00_S1279_I00000319,P0317,P1118,True,The participant was amused yet guilty,211,215,6330,6450,120,0.354912,0.160401,0.159258,0.32021
V00_S1279_I00000319,P0317,P1118,True,The participant was guilty,220,227,6600,6810,210,0.0,0.0,0.060215,0.936644
V00_S1279_I00000319,P1118,P0317,True,The participant was astonished and stunned,220,227,6600,6810,210,0.060215,0.936644,0.0,0.0
V00_S1279_I00000319,P0317,P1118,True,The participant was startled and curious,356,360,10680,10800,120,0.126127,0.062216,-0.204486,0.257627
V00_S1279_I00000323,P0317,P1118,True,The participant was amazed and incredulous.,41,44,1230,1320,90,0.248127,0.129465,0.244629,0.332558
V00_S1279_I00000323,P1118,P0317,True,The participant was excited and grateful.,112,114,3360,3420,60,0.412891,0.297754,0.0,0.0
V00_S1279_I00000323,P0317,P1118,True,The participant was astonished.,140,142,4200,4260,60,0.0,0.0,0.298409,0.338381
V00_S1279_I00000323,P1118,P0317,True,The participant was enthusiastic and delightful,208,209,6240,6270,30,0.415646,0.299472,0.142037,0.164526
V00_S1279_I00000323,P1118,P0317,True,The participant was stunned and impressed.,230,233,6900,6990,90,-0.135342,0.256153,0.082091,0.106566
V00_S1279_I00000323,P0317,P1118,True,The participant was thrilled,236,241,7080,7230,150,0.296649,0.169851,-0.10317,0.403708
V00_S1279_I00000323,P1118,P0317,True,The participant was concerned and empathetic.,283,285,8490,8550,60,0.361863,0.250236,0.522241,0.264568
V00_S1279_I00000323,P0317,P1118,True,The participant was enthusiastic and impressed.,314,316,9420,9480,60,0.480505,0.244882,0.445243,0.488564
V00_S1279_I00000323,P1118,P0317,True,The participant was optimistic and expectant.,346,349,10380,10470,90,0.361796,0.244786,0.462899,0.278692
V00_S1279_I00000323,P0317,P1118,True,The participant was elated and joyful,420,422,12600,12660,60,0.317306,0.138087,0.330305,0.376905
V00_S1279_I00000323,P1118,P0317,True,The participant was elated and joyful.,423,424,12690,12720,30,0.550564,0.340376,0.0,0.0
V00_S1279_I00000324,P0317,P1118,True,The participant was guilty and embarrassed,28,36,840,1080,240,0.186019,0.085734,0.387073,0.125008
V00_S1279_I00000324,P1118,P0317,True,The participant was attentive and intrigued.,129,131,3870,3930,60,0.250763,0.189198,0.152862,0.098515
V00_S1279_I00000324,P0317,P1118,True,The participant was contemplative,137,139,4110,4170,60,0.0,0.0,0.252558,0.504165
V00_S1279_I00000324,P1118,P0317,True,The participant was nostalgic and wistful.,349,353,10470,10590,120,0.224589,0.253937,0.452729,0.217181
V00_S1279_I00000324,P0317,P1118,True,The participant was thoughtful,398,401,11940,12030,90,0.269069,0.130672,-0.138169,0.238548
V00_S1279_I00000325,P0317,P1118,True,The participant was surprised.,17,22,510,660,150,0.189713,0.089574,0.027213,0.217019
V00_S1279_I00000325,P1118,P0317,True,The participant was reminiscent and enthusiastic,43,46,1290,1380,90,0.16411,0.423779,0.467571,0.267718
V00_S1279_I00000325,P0317,P1118,True,The participant was surprised and enthusiastic.,53,57,1590,1710,120,0.377569,0.205825,0.141962,0.384507
V00_S1279_I00000325,P1118,P0317,True,The participant was joyful and blissful.,73,75,2190,2250,60,0.468701,0.364323,0.475358,0.275063
V00_S1279_I00000325,P0317,P1118,True,The participant was astonished and intrigued.,85,87,2550,2610,60,0.238901,0.071929,0.03077,0.461804
V00_S1279_I00000325,P0317,P1118,True,The participant was passionate,166,167,4980,5010,30,0.0,0.0,0.52694,0.310439
V00_S1279_I00000325,P1118,P0317,True,The participant was animated and supportive.,166,167,4980,5010,30,0.52694,0.310439,0.0,0.0
V00_S1279_I00000325,P1118,P0317,True,The participant was like-minded and excited,262,272,7860,8160,300,0.254995,0.221488,0.040984,0.021236
V00_S1279_I00000325,P0317,P1118,True,The participant was elated and connected.,275,276,8250,8280,30,0.0,0.0,0.499997,0.396783
V00_S1288_I00000092,P0071,P1119,True,The participant was contemplating ,49,51,1470,1530,60,-0.058895,0.351557,0.089926,-0.016294
V00_S1288_I00000092,P1119,P0071,True,The participant was excited ,86,87,2580,2610,30,0.051804,-0.09798,0.342643,0.315517
V00_S1288_I00000092,P0071,P1119,True,The participant was surprised and excited ,123,124,3690,3720,30,0.284472,0.369071,-0.106451,-0.09781
V00_S1288_I00000092,P1119,P0071,True,The participant was uncomfortable ,247,250,7410,7500,90,0.032239,-0.100951,-0.044175,0.351629
V00_S1288_I00000092,P1119,P0071,True,The participant was skeptical ,289,292,8670,8760,90,0.0051,-0.012245,0.302994,0.313101
V00_S1288_I00000092,P0071,P1119,True,The participant was enthusiastic ,349,350,10470,10500,30,0.008596,0.437626,-0.118238,-0.00023
V00_S1288_I00000092,P0071,P1119,True,The participant was jittery ,370,371,11100,11130,30,0.447531,0.31575,-0.051533,-0.1166
V00_S1288_I00000092,P1119,P0071,True,The participant was interested and engaged ,372,373,11160,11190,30,0.10625,0.017644,0.395516,0.327904
V00_S1288_I00000093,P0071,P1119,True,The participant was perky ,19,23,570,690,120,0.260085,0.300592,-0.043179,-0.016781
V00_S1288_I00000093,P1119,P0071,True,The participant was cheerful ,23,26,690,780,90,0.268124,0.114478,0.34939,0.298191
V00_S1288_I00000093,P0071,P1119,True,The participant was energetic and grateful ,87,88,2610,2640,30,0.343638,0.306261,-0.10817,-0.063124
V00_S1288_I00000093,P1119,P0071,True,The participant was jovial ,88,89,2640,2670,30,0.130667,0.026194,0.451449,0.256006
V00_S1288_I00000094,P0071,P1119,True,The participant was activated ,24,24,720,720,0,,,,
V00_S1288_I00000094,P1119,P0071,True,The participant was shy ,54,55,1620,1650,30,0.073215,0.052705,0.186185,0.28219
V00_S1288_I00000094,P1119,P0071,True,The participant was bewildered ,166,169,4980,5070,90,-0.06642,-0.041299,-0.217133,0.263815
V00_S1288_I00000094,P0071,P1119,True,The participant was animated ,193,195,5790,5850,60,0.22775,0.221894,-0.123252,-0.001864
V00_S1288_I00000094,P0071,P1119,True,The participant was curious ,276,278,8280,8340,60,-0.117587,0.199856,-0.100368,0.000227
V00_S1288_I00000094,P1119,P0071,True,The participant was insightful ,276,278,8280,8340,60,-0.100368,0.000227,-0.117587,0.199856
V00_S1288_I00000095,P0071,P1119,True,The participant was surprised ,39,43,1170,1290,120,0.050616,0.232741,-0.147363,0.029658
V00_S1288_I00000095,P1119,P0071,True,The participant was aroused ,45,47,1350,1410,60,0.109007,-0.022096,0.455585,0.357981
V00_S1288_I00000095,P0071,P1119,True,The participant was proud and excited ,110,112,3300,3360,60,0.397403,0.305654,-0.050492,-0.072188
V00_S1288_I00000095,P0071,P1119,True,The participant was vivacious ,145,147,4350,4410,60,0.188837,0.182996,-0.065262,-0.008649
V00_S1288_I00000095,P1119,P0071,True,The participant was embarrassed ,185,187,5550,5610,60,-0.062569,0.008149,0.048126,0.179898
V00_S1288_I00000095,P1119,P0071,True,The participant was pleasantly surprised ,313,314,9390,9420,30,-0.132145,0.049709,0.048912,0.303156
V00_S1288_I00000097,P1119,P0071,True,The participant was intrigued ,32,33,960,990,30,0.042713,0.001362,-0.191963,0.021768
V00_S1288_I00000097,P0071,P1119,True,The participant felt understood ,38,41,1140,1230,90,0.297615,0.327102,-0.085046,-0.127068
V00_S1288_I00000097,P0071,P1119,True,The participant was perky ,107,108,3210,3240,30,0.021727,-0.047032,-0.151169,0.012471
V00_S1288_I00000097,P1119,P0071,True,The participant was embarrassed ,115,117,3450,3510,60,-0.097232,-0.143962,-0.147635,0.056075
V00_S1288_I00000097,P0071,P1119,True,The participant was attentive ,123,125,3690,3750,60,0.081384,0.044751,-0.17851,0.028524
V00_S1288_I00000097,P1119,P0071,True,The participant was aroused ,147,148,4410,4440,30,-0.120762,-0.080043,-0.07004,0.068318
V00_S1288_I00000097,P1119,P0071,True,The participant was cheeky ,193,194,5790,5820,30,-0.076808,-0.068444,-0.292515,-0.084155
V00_S1288_I00000097,P0071,P1119,True,The participant was excited ,194,195,5820,5850,30,0.201797,0.158444,-0.003013,-0.022613
V00_S1288_I00000098,P1119,P0071,True,The participant was hurt ,90,93,2700,2790,90,-0.109394,0.021757,0.277917,0.23793
V00_S1288_I00000098,P0071,P1119,True,The participant was cheerful ,102,103,3060,3090,30,0.408097,0.350002,-0.05466,0.002568
V00_S1288_I00000098,P0071,P1119,True,The participant was confident ,166,169,4980,5070,90,0.004859,0.198585,0.051355,0.039326
V00_S1288_I00000098,P1119,P0071,True,The participant was activated ,195,197,5850,5910,60,-0.00272,-0.002102,-0.034532,0.166307
V00_S1288_I00000098,P0071,P1119,True,The participant was self-assured ,210,211,6300,6330,30,-0.277543,0.358299,-0.083113,-0.05746
V00_S1288_I00000098,P1119,P0071,True,The participant was sarcastic ,234,237,7020,7110,90,-0.02244,0.002938,0.269844,0.257036
V00_S1288_I00000099,P0071,P1119,True,The participant was indignant ,16,18,480,540,60,0.171279,0.109168,-0.120396,-0.018779
V00_S1288_I00000099,P1119,P0071,True,The participant was coy and cheeky ,55,65,1650,1950,300,-0.090924,0.030585,-0.09147,-0.00437
V00_S1288_I00000099,P0071,P1119,True,The participant was curious ,164,165,4920,4950,30,-0.069974,0.179515,-0.158655,0.03961
V00_S1288_I00000099,P0071,P1119,True,The participant was excited and activated ,208,211,6240,6330,90,-0.110738,0.174758,-0.141199,0.030494
V00_S1288_I00000099,P1119,P0071,True,The participant was self-assured ,321,323,9630,9690,60,0.108006,0.057429,-0.241542,-0.069563
V00_S1288_I00000099,P1119,P0071,True,The participant was content ,406,407,12180,12210,30,-0.074685,-0.053837,0.28577,0.215638
V00_S1288_I00000102,P0071,P1119,True,The participant was attentive ,16,19,480,570,90,-0.038544,0.115591,-0.108061,0.001639
V00_S1288_I00000102,P0071,P1119,True,The participant was sympathetic ,48,49,1440,1470,30,-0.281176,-0.02385,-0.071085,-0.027038
V00_S1288_I00000102,P1119,P0071,True,The participant was contemplating ,103,106,3090,3180,90,-0.091398,-0.037418,-0.282012,-0.035011
V00_S1288_I00000102,P1119,P0071,True,The participant was uncertain ,165,166,4950,4980,30,-0.058474,-0.011506,-0.235771,0.153593
V00_S1288_I00000102,P1119,P0071,True,The participant was deliberative ,176,177,5280,5310,30,-0.108866,-0.073966,-0.382259,0.222509
V00_S1288_I00000102,P0071,P1119,True,The participant was jittery ,188,191,5640,5730,90,-0.008834,0.075973,-0.083212,-0.042713
V00_S1288_I00000103,P0071,P1119,True,The participant was disapproving ,66,70,1980,2100,120,-0.35054,0.021172,-0.132991,-0.033277
V00_S1288_I00000103,P1119,P0071,True,The participant was amused ,73,76,2190,2280,90,-0.063571,-0.04172,-0.166534,0.137023
V00_S1288_I00000103,P0071,P1119,True,The participant was astonished ,313,314,9390,9420,30,-0.171384,0.270931,-0.089933,-0.050757
V00_S1288_I00000103,P1119,P0071,True,The participant was excited ,343,346,10290,10380,90,-0.103811,-0.136743,-0.040192,0.13187
V00_S1288_I00000103,P0071,P1119,True,The participant was frenzied ,434,436,13020,13080,60,-0.290116,0.099303,-0.105952,-0.007212
V00_S1288_I00000103,P1119,P0071,True,The participant was contemplating ,518,520,15540,15600,60,-0.057306,-0.063049,-0.316339,0.30663
V00_S1289_I00000144,P1120,P0709,True,The participant was interested,82,87,2460,2610,150,0.412506,0.102995,0.152954,0.391449
V00_S1289_I00000144,P0709,P1120,True,The participant was attentive and focused.,114,116,3420,3480,60,0.01473,0.40683,-0.263743,0.260189
V00_S1289_I00000144,P1120,P0709,True,The participant was pleased,160,161,4800,4830,30,0.500898,0.103572,0.401999,0.321322
V00_S1289_I00000144,P1120,P0709,True,The participant was confident and eager to share,186,189,5580,5670,90,0.032025,0.198113,0.277854,0.305401
V00_S1289_I00000144,P1120,P0709,True,The participant was confident and pleased,197,199,5910,5970,60,0.468956,0.15457,0.097322,0.345217
V00_S1289_I00000146,P1120,P0709,True,The participant was curious and absorbed in the partner's story,32,35,960,1050,90,-0.304977,0.431354,-0.018906,0.554074
V00_S1289_I00000146,P0709,P1120,True,The participant was focused and pleased.,60,63,1800,1890,90,-0.197632,0.284342,-0.119149,0.393234
V00_S1289_I00000146,P1120,P0709,True,The participant was composed and amused at the same time,63,66,1890,1980,90,0.090432,0.177105,0.005604,0.770357
V00_S1289_I00000146,P0709,P1120,True,The participant was interested and attentive.,100,102,3000,3060,60,0.0,0.0,0.001826,0.20517
V00_S1289_I00000146,P0709,P1120,True,The participant was composed and empathetic.,132,133,3960,3990,30,0.0,0.0,0.208709,0.132715
V00_S1289_I00000146,P1120,P0709,True,The participant was expressive,175,179,5250,5370,120,-0.059742,0.244589,0.0,0.0
V00_S1289_I00000146,P0709,P1120,True,The participant was attentive.,191,194,5730,5820,90,-0.076988,0.089469,0.050376,0.291673
V00_S1289_I00000147,P1120,P0709,True,The participant was engrossed with the talk,16,18,480,540,60,0.372773,0.146589,0.094989,0.613137
V00_S1289_I00000147,P0709,P1120,True,The participant was comfortable and eager to listen.,64,66,1920,1980,60,-0.005444,0.231063,-0.132488,0.229885
V00_S1289_I00000147,P1120,P0709,True,The participant was amused,67,68,2010,2040,30,0.145493,0.043131,0.0,0.0
V00_S1289_I00000147,P0709,P1120,True,The participant was engrossed.,96,98,2880,2940,60,0.088781,0.438418,0.070264,0.248143
V00_S1289_I00000147,P0709,P1120,True,The participant was attentive and a little uncomfortable.,113,116,3390,3480,90,-0.289517,0.638708,-0.090779,0.36493
V00_S1289_I00000147,P0709,P1120,True,The participant was amused.,125,128,3750,3840,90,0.090319,0.065209,0.120143,0.244897
V00_S1289_I00000147,P0709,P1120,True,The participant was flabbergasted and uncomfortable at the same time.,138,141,4140,4230,90,-0.045687,0.395266,0.033788,0.222525
V00_S1289_I00000147,P1120,P0709,True,The participant was inquisitive,143,149,4290,4470,180,-0.240247,0.328629,-0.29683,0.766027
V00_S1289_I00000147,P1120,P0709,True,The participant was demonstrative,201,203,6030,6090,60,-0.228195,0.307453,-0.079429,0.433175
V00_S1289_I00000147,P0709,P1120,True,The participant was attentive and surprised.,226,229,6780,6870,90,-0.21931,0.455349,-0.16547,0.267144
V00_S1289_I00000149,P1120,P0709,True,The participant was absorbed with the talk,40,44,1200,1320,120,-0.172527,0.20722,-0.177108,0.798476
V00_S1289_I00000149,P1120,P0709,True,The participant was gleeful,89,93,2670,2790,120,0.152821,0.127132,-0.042727,0.394384
V00_S1289_I00000149,P0709,P1120,True,The participant was uncomfortable while being attentive,104,110,3120,3300,180,-0.12125,0.722173,-0.222147,0.270449
V00_S1289_I00000149,P0709,P1120,True,The participant was nervous and uncomfortable.,114,118,3420,3540,120,-0.114511,0.145801,-0.116568,0.168499
V00_S1289_I00000149,P1120,P0709,True,The participant was inquisitive,168,171,5040,5130,90,-0.224722,0.227719,-0.24734,0.478911
V00_S1289_I00000149,P1120,P0709,True,The participant was curious,212,217,6360,6510,150,-0.217284,0.2589,-0.178349,0.515867
V00_S1289_I00000149,P0709,P1120,True,The participant was pleased.,236,238,7080,7140,60,-0.105548,0.460648,-0.267081,0.302885
V00_S1289_I00000150,P1120,P0709,True,The participant was very expressive and assertive,128,131,3840,3930,90,-0.268886,0.533184,-0.162471,0.222549
V00_S1289_I00000150,P0709,P1120,True,The participant was attentive.,142,145,4260,4350,90,-0.27072,0.490377,-0.201802,0.299838
V00_S1289_I00000152,P0709,P1120,True,The participant was thoughtful.,63,67,1890,2010,120,-0.045199,0.435577,-0.193061,0.234647
V00_S1289_I00000152,P1120,P0709,True,The participant was curious,94,97,2820,2910,90,-0.315148,0.423907,-0.223309,0.427519
V00_S1289_I00000152,P0709,P1120,True,The participant was composed and calm.,151,154,4530,4620,90,-0.308836,0.393315,-0.298207,0.341006
V00_S1291_I00000000,P1121,P0430,True,The participant was attentive and surprised ,75,77,2250,2310,60,0.258958,0.07345,0.122284,0.154422
V00_S1291_I00000000,P0430,P1121,True,The participant was deliberative ,87,91,2610,2730,120,-0.10366,0.251108,0.03147,0.176191
V00_S1291_I00000000,P0430,P1121,True,The participant was perky ,137,180,4110,5400,1290,0.045987,0.05674,0.145852,0.05956
V00_S1291_I00000000,P0430,P1121,True,The participant was attentive ,208,228,6240,6840,600,0.060298,0.062451,0.214696,0.106652
V00_S1291_I00000000,P1121,P0430,True,The participant was shy ,244,246,7320,7380,60,0.275261,0.163286,0.313426,0.190754
V00_S1291_I00000001,P1121,P0430,True,The participant was attentive and interested ,50,51,1500,1530,30,-0.15683,0.1285,-0.086959,0.109653
V00_S1291_I00000001,P0430,P1121,True,The participant was cheeky ,125,129,3750,3870,120,0.226267,0.228112,0.241561,0.132286
V00_S1291_I00000001,P1121,P0430,True,The participant was sympathetic ,129,133,3870,3990,120,0.054502,0.043812,0.367544,0.155444
V00_S1291_I00000001,P1121,P0430,True,The participant was engaged ,180,182,5400,5460,60,-0.01289,0.158772,0.384353,0.17448
V00_S1291_I00000001,P0430,P1121,True,The participant was engaged ,245,259,7350,7770,420,-0.127976,0.076473,0.221674,0.138114
V00_S1291_I00000001,P0430,P1121,True,The participant was intrigued ,273,280,8190,8400,210,-0.120315,0.083283,0.281097,0.09107
V00_S1291_I00000001,P1121,P0430,True,The participant was excited ,281,283,8430,8490,60,0.322734,0.283893,-0.132827,0.059965
V00_S1291_I00000002,P0430,P1121,True,The participant was curious ,34,47,1020,1410,390,-0.086382,0.144099,0.318041,0.240864
V00_S1291_I00000002,P1121,P0430,True,The participant was cheery ,53,57,1590,1710,120,0.399807,0.318685,0.354884,0.255804
V00_S1291_I00000002,P0430,P1121,True,The participant was distracted ,114,123,3420,3690,270,0.056604,0.018796,0.40056,0.236255
V00_S1291_I00000002,P1121,P0430,True,The participant was embarrassed ,124,125,3720,3750,30,0.365284,0.145032,0.408136,0.146749
V00_S1291_I00000002,P1121,P0430,True,The participant was curious ,220,225,6600,6750,150,0.276813,0.065949,0.363382,0.173848
V00_S1291_I00000002,P0430,P1121,True,The participant was nostalgic and embarrassed ,245,251,7350,7530,180,0.183601,0.10602,0.313905,0.058335
V00_S1291_I00000003,P1121,P0430,True,The participant was accommodating and agreeable ,44,46,1320,1380,60,0.383958,0.140933,0.08918,0.134063
V00_S1291_I00000003,P0430,P1121,True,The participant was frustrated ,75,78,2250,2340,90,-0.136646,0.241575,0.219845,0.05299
V00_S1291_I00000003,P1121,P0430,True,The participant was engaged ,131,135,3930,4050,120,0.19376,0.114984,-0.03695,0.016881
V00_S1291_I00000003,P1121,P0430,True,The participant was uncomfortable,136,141,4080,4230,150,0.195473,0.078748,-0.135099,0.143951
V00_S1291_I00000003,P0430,P1121,True,The participant was engaged and attentive ,212,229,6360,6870,510,-0.175834,0.100529,0.258216,0.181105
V00_S1291_I00000003,P0430,P1121,True,The participant was interested ,324,326,9720,9780,60,0.135718,0.186055,0.359,0.185699
V00_S1291_I00000006,P1121,P0430,True,The participant was horrified ,27,32,810,960,150,0.229057,0.080023,-0.231078,0.263224
V00_S1291_I00000006,P1121,P0430,True,The participant was engaged ,52,54,1560,1620,60,0.250882,0.165408,-0.108142,0.148515
V00_S1291_I00000006,P1121,P0430,True,The participant was surprised ,77,82,2310,2460,150,0.283717,0.059127,0.311627,0.197951
V00_S1291_I00000006,P0430,P1121,True,The participant was satisfied ,142,145,4260,4350,90,0.176211,0.194669,0.248045,0.277497
V00_S1291_I00000006,P0430,P1121,True,The participant was curious ,181,184,5430,5520,90,0.34037,0.172773,0.324114,0.132179
V00_S1291_I00000006,P0430,P1121,True,The participant was intrigued ,206,208,6180,6240,60,0.225302,0.192905,0.351364,0.067555
V00_S1291_I00000007,P0430,P1121,True,The participant was concerned ,46,50,1380,1500,120,-0.245282,-0.249832,0.301694,0.089185
V00_S1291_I00000007,P1121,P0430,True,The participant was attentive ,51,57,1530,1710,180,0.156418,0.070538,0.129583,0.210726
V00_S1291_I00000007,P0430,P1121,True,The participant was curious ,127,128,3810,3840,30,0.330531,0.131503,0.18761,0.11559
V00_S1291_I00000007,P1121,P0430,True,The participant was cheerful ,131,143,3930,4290,360,0.022187,0.01398,0.048651,0.080483
V00_S1291_I00000007,P1121,P0430,True,The participant was pleased ,163,163,4890,4890,0,,,,
V00_S1291_I00000007,P0430,P1121,True,The participant was understanding and agreeable ,175,176,5250,5280,30,0.324991,0.121795,0.0,0.0
V00_S1291_I00000008,P0430,P1121,True,The participant was excited ,31,55,930,1650,720,-0.154884,0.059751,0.058677,0.041044
V00_S1291_I00000008,P1121,P0430,True,The participant was animated ,72,96,2160,2880,720,0.102816,0.065298,-0.11298,0.042755
V00_S1291_I00000008,P0430,P1121,True,The participant was perky ,96,106,2880,3180,300,0.054043,0.1601,0.095667,0.067395
V00_S1291_I00000008,P1121,P0430,True,The participant was upbeat ,96,106,2880,3180,300,0.095667,0.067395,0.054043,0.1601
V00_S1291_I00000008,P0430,P1121,True,The participant was surprised ,172,175,5160,5250,90,-0.03526,0.116087,0.0,0.0
V00_S1291_I00000008,P0430,P1121,True,The participant was cheeky ,173,174,5190,5220,30,-0.098543,0.032497,0.0,0.0
V00_S1291_I00000008,P1121,P0430,True,The participant was shy and embarrassed ,189,194,5670,5820,150,0.091905,0.053782,0.431701,0.231533
V00_S1291_I00000008,P1121,P0430,True,The participant was embarrassed ,215,218,6450,6540,90,0.44094,0.268036,0.0,0.0
V00_S1291_I00000009,P1121,P0430,True,The participant was sympathetic ,48,54,1440,1620,180,0.234036,0.041296,-0.098018,0.048655
V00_S1291_I00000009,P0430,P1121,True,The participant was grateful ,74,77,2220,2310,90,-0.110068,-0.018441,0.169248,0.110767
V00_S1295_I00000281,P1122,P0518,True,The participant was proud and delighted,45,47,1350,1410,60,0.428381,0.157977,0.349144,0.163128
V00_S1295_I00000281,P1122,P0518,True,The participant was distressed,141,142,4230,4260,30,-0.323527,0.331055,0.038826,0.292871
V00_S1295_I00000281,P0518,P1122,True,The participant was indignant.,180,183,5400,5490,90,-0.080566,0.397651,0.053314,0.23958
V00_S1295_I00000281,P1122,P0518,True,The participant was sympathetic and concerned.,185,187,5550,5610,60,0.130368,0.107636,-0.047832,0.567349
V00_S1295_I00000281,P0518,P1122,True,The participant was affirmative and sympathetic,252,254,7560,7620,60,0.271931,0.267387,0.33656,0.178581
V00_S1295_I00000281,P1122,P0518,True,The participant was excited and dynamic.,273,277,8190,8310,120,0.334047,0.242683,0.036586,0.156907
V00_S1295_I00000281,P0518,P1122,True,The participant was intrigued and curious,316,317,9480,9510,30,0.088348,0.376147,0.157397,0.179645
V00_S1295_I00000281,P1122,P0518,True,The participant was relaxed and easygoing.,316,317,9480,9510,30,0.157397,0.179645,0.088348,0.376147
V00_S1295_I00000282,P1122,P0518,True,The participant was slightly insecure,28,31,840,930,90,0.343187,0.232636,0.14831,0.158454
V00_S1295_I00000282,P1122,P0518,True,The participant was calm and earnest,80,85,2400,2550,150,0.016375,0.196159,0.122682,0.14728
V00_S1295_I00000282,P0518,P1122,True,The participant was optimistic and hopeful,95,96,2850,2880,30,0.485392,0.364388,0.415195,0.219971
V00_S1295_I00000282,P0518,P1122,True,The participant was attentive and interested,153,158,4590,4740,150,0.051165,0.163875,0.145925,0.161016
V00_S1295_I00000282,P1122,P0518,True,The participant was slightly embarrassed.,174,178,5220,5340,120,0.269372,0.23984,0.188292,0.273583
V00_S1295_I00000282,P0518,P1122,True,The participant was attentive,198,202,5940,6060,120,0.080278,0.160694,0.085004,0.104761
V00_S1295_I00000282,P1122,P0518,True,The participant was self-conscious and slightly remorseful,233,234,6990,7020,30,0.178694,0.132203,0.26982,0.14309
V00_S1295_I00000282,P0518,P1122,True,The participant was insightful and empathetic.,270,277,8100,8310,210,-0.123213,0.195595,0.361003,0.230128
V00_S1295_I00000282,P0518,P1122,True,The participant was amused,294,295,8820,8850,30,0.0,0.0,0.0,0.0
V00_S1295_I00000282,P1122,P0518,True,The participant was embarrassed and droll.,294,295,8820,8850,30,0.0,0.0,0.0,0.0
V00_S1295_I00000282,P0518,P1122,True,The participant was relaxed and easygoing.,348,356,10440,10680,240,0.250156,0.274297,0.168706,0.124144
V00_S1295_I00000282,P0518,P1122,True,The participant was engaged,400,401,12000,12030,30,0.289516,0.364612,0.0,0.0
V00_S1295_I00000286,P0518,P1122,True,The participant was mildly uninterested.,68,69,2040,2070,30,0.481021,0.294732,0.277943,0.151477
V00_S1295_I00000286,P0518,P1122,True,The participant was amused,89,92,2670,2760,90,0.228138,0.20989,0.319633,0.239185
V00_S1295_I00000286,P0518,P1122,True,The participant was intrigued.,143,145,4290,4350,60,-0.045958,0.412225,0.331944,0.156109
V00_S1295_I00000286,P1122,P0518,True,The participant was irritated and resentful,147,151,4410,4530,120,0.272779,0.250639,-0.153046,0.466942
V00_S1295_I00000286,P1122,P0518,True,The participant was awkward,226,227,6780,6810,30,0.0,0.0,0.343495,0.250374
V00_S1295_I00000286,P0518,P1122,True,The participant was confident and empowered.,374,375,11220,11250,30,-0.00572,0.264614,0.0,0.0
V00_S1295_I00000286,P1122,P0518,True,The participant was perceptive and sympathetic,394,395,11820,11850,30,0.30387,0.203082,0.044448,0.362552
V00_S1295_I00000286,P0518,P1122,True,The participant was bold and courageous,409,412,12270,12360,90,0.005888,0.305889,0.010668,0.04211
V00_S1295_I00000286,P1122,P0518,True,The participant was resonant and empathetic.,433,436,12990,13080,90,0.0,0.0,-0.045823,0.441518
V00_S1295_I00000286,P1122,P0518,True,The participant was insightful and connected,477,480,14310,14400,90,0.0,0.0,-0.041606,0.275469
V00_S1295_I00000287,P1122,P0518,True,The participant was excited.,20,22,600,660,60,-0.024319,0.045021,-0.158701,0.217441
V00_S1295_I00000287,P1122,P0518,True,The participant was regretful,48,50,1440,1500,60,0.4314,0.252206,-0.017682,0.381167
V00_S1295_I00000287,P1122,P0518,True,The participant was slightly contrite,100,103,3000,3090,90,0.41571,0.21948,0.188881,0.256249
V00_S1295_I00000287,P0518,P1122,True,The participant was incredulous and amused.,145,146,4350,4380,30,0.190267,0.212438,-0.148012,0.391389
V00_S1295_I00000287,P1122,P0518,True,The participant was slightly frustrated and displeased.,151,154,4530,4620,90,-0.129635,0.053972,0.060208,0.297236
V00_S1295_I00000287,P1122,P0518,True,The participant was burdened and uneasy,210,212,6300,6360,60,-0.299507,0.080983,-0.078199,0.144339
V00_S1295_I00000287,P0518,P1122,True,The participant was sympathetic and empathetic.,227,229,6810,6870,60,-0.023106,0.182027,-0.064816,-0.005593
V00_S1295_I00000297,P1122,P0518,True,The participant was excited and elated,28,32,840,960,120,0.267479,0.166342,0.400171,0.316087
V00_S1295_I00000297,P0518,P1122,True,The participant was joyful and blissful.,89,93,2670,2790,120,0.341926,0.277347,0.29207,0.199172
V00_S1295_I00000297,P0518,P1122,True,The participant was excited and cheerful.,194,197,5820,5910,90,0.280167,0.393947,0.267798,0.080812
V00_S1295_I00000297,P1122,P0518,True,The participant was fascinated,253,270,7590,8100,510,-0.026492,0.002334,0.106717,0.354945
V00_S1295_I00000297,P0518,P1122,True,The participant was persuasive and assertive.,331,333,9930,9990,60,-0.024194,0.499369,-0.035585,0.119527
V00_S1295_I00000298,P1122,P0518,True,The participant was joyful and bashful,15,17,450,510,60,0.212143,0.270721,0.418195,0.103405
V00_S1295_I00000298,P0518,P1122,True,The participant was playful and mischievous.,48,50,1440,1500,60,0.440848,0.375383,0.472509,0.262879
V00_S1295_I00000298,P1122,P0518,True,The participant was cheerful and upbeat,84,85,2520,2550,30,0.33838,0.153446,0.252108,0.282548
V00_S1295_I00000298,P0518,P1122,True,The participant was glad and grateful.,90,93,2700,2790,90,0.272751,0.318391,0.302854,0.134796
V00_S1295_I00000298,P0518,P1122,True,The participant was apologetic and grateful.,131,133,3930,3990,60,0.0,0.0,0.0,0.0
V00_S1295_I00000298,P1122,P0518,True,The participant was lighthearted and slightly awkward.,131,133,3930,3990,60,0.0,0.0,0.0,0.0
V00_S1295_I00000298,P1122,P0518,True,The participant was valued and generous,192,201,5760,6030,270,0.194262,0.137014,0.214229,0.223618
V00_S1297_I00000197,P1019,P1123,True,The participant was supportive and eager,10,12,300,360,60,-0.121712,0.066734,-0.059367,0.077105
V00_S1297_I00000197,P1019,P1123,True,The participant was amused,30,32,900,960,60,0.353554,0.133503,0.369521,0.246578
V00_S1297_I00000197,P1019,P1123,True,The participant was excited,50,52,1500,1560,60,0.435845,0.315319,0.354773,0.419841
V00_S1297_I00000197,P1019,P1123,True,The participant was content and supportive,92,94,2760,2820,60,0.311893,0.08145,0.210848,0.467407
V00_S1297_I00000197,P1123,P1019,True,The participant was surprised and amused,146,148,4380,4440,60,0.482816,0.466107,0.107567,0.148147
V00_S1297_I00000197,P1123,P1019,True,The participant was content,203,206,6090,6180,90,0.109186,0.73372,0.343278,0.240097
V00_S1297_I00000200,P1123,P1019,True,The participant was amused,31,35,930,1050,120,0.317537,0.306399,0.310616,0.25565
V00_S1297_I00000200,P1019,P1123,True,The participant was curious and eager,61,62,1830,1860,30,0.033977,0.164044,0.12887,0.14731
V00_S1297_I00000200,P1019,P1123,True,The participant was excited and awkward,72,73,2160,2190,30,0.265943,0.179178,0.099059,0.120262
V00_S1297_I00000200,P1019,P1123,True,The participant was playful,79,81,2370,2430,60,0.156089,0.265548,0.436262,0.253549
V00_S1297_I00000200,P1019,P1123,True,The participant was carefree,118,119,3540,3570,30,0.380604,0.255462,0.580316,0.342642
V00_S1297_I00000201,P1019,P1123,True,The participant was amused,11,14,330,420,90,0.434654,0.417982,0.487983,0.385943
V00_S1297_I00000201,P1019,P1123,True,The participant was content and eager,100,103,3000,3090,90,0.173789,0.107583,0.029199,0.643474
V00_S1297_I00000201,P1123,P1019,True,The participant was confused,109,111,3270,3330,60,-0.072937,0.074568,0.101788,0.096586
V00_S1297_I00000202,P1019,P1123,True,The participant was interested,23,27,690,810,120,0.273241,0.150974,0.077681,0.381311
V00_S1297_I00000202,P1123,P1019,True,The participant was content,93,96,2790,2880,90,0.016208,0.454722,0.172971,0.193553
V00_S1297_I00000204,P1123,P1019,True,The participant was eager and confused,6,8,180,240,60,0.018752,0.22848,-0.215796,0.477999
V00_S1297_I00000204,P1019,P1123,True,The participant was curious,27,30,810,900,90,-0.170836,0.167357,-0.005362,0.62888
V00_S1297_I00000204,P1019,P1123,True,The participant was pleased,100,103,3000,3090,90,-0.19766,0.090009,0.223995,0.607443
V00_S1297_I00000204,P1019,P1123,True,The participant was amused,113,116,3390,3480,90,-0.149909,0.124967,0.111307,0.330421
V00_S1297_I00000204,P1123,P1019,True,The participant was surprised and content,133,136,3990,4080,90,0.099373,0.637601,-0.173354,0.261646
V00_S1297_I00000205,P1123,P1019,True,The participant was surprised and excited,63,65,1890,1950,60,0.3302,0.462621,0.042365,0.536623
V00_S1297_I00000205,P1019,P1123,True,The participant was pleased and proud,91,96,2730,2880,150,0.220923,0.306518,0.439322,0.299352
V00_S1297_I00000205,P1123,P1019,True,The participant was enthusiastic and playful,93,98,2790,2940,150,0.484716,0.294772,0.18606,0.254385
V00_S1297_I00000205,P1123,P1019,True,The participant was startled and confused,160,162,4800,4860,60,0.02423,0.051854,0.094231,0.524911
V00_S1297_I00000205,P1019,P1123,True,The participant was eager and interested,162,163,4860,4890,30,0.193236,0.12988,0.225162,0.113403
V00_S1297_I00000205,P1123,P1019,True,The participant was confused,170,173,5100,5190,90,-0.314589,0.395024,0.044998,0.341576
V00_S1297_I00000205,P1123,P1019,True,The participant was surprised,184,185,5520,5550,30,0.499968,0.337997,-0.064727,0.314063
V00_S1297_I00000226,P1019,P1123,True,The participant was excited,2,9,60,270,210,0.308482,0.286882,0.505457,0.261113
V00_S1297_I00000226,P1123,P1019,True,The participant was excited and amused,39,42,1170,1260,90,0.416079,0.288079,0.258826,0.1843
V00_S1297_I00000226,P1123,P1019,True,The participant was eager,78,80,2340,2400,60,0.365096,0.182456,0.209589,0.271449
V00_S1297_I00000226,P1123,P1019,True,The participant was eager and curious,182,183,5460,5490,30,0.460007,0.429175,0.108375,0.240982
V00_S1297_I00000226,P1123,P1019,True,The participant was confused,268,269,8040,8070,30,-0.104502,0.234803,-0.039703,0.063314
V03_S0139_I00000135,P1302,P1303,False,The participant is feeling reflective.,21,25,630,750,120,,,,
V03_S0139_I00000135,P1303,P1302,False,The participant is disappointed.,154,157,4620,4710,90,,,,
V03_S0139_I00000477,P1303,P1302,False,The participant is experienced.,2,4,60,120,60,,,,
V03_S0139_I00000477,P1303,P1302,False,The participant is contented.,9,10,270,300,30,,,,
V03_S0139_I00000477,P1302,P1303,False,The participant is feeling self-aware.,10,12,300,360,60,,,,
V03_S0139_I00000477,P1303,P1302,False,The participant is motivated.,14,16,420,480,60,,,,
V03_S0139_I00000477,P1302,P1303,False,The participant is feeling curious.,17,18,510,540,30,,,,
V03_S0139_I00000477,P1303,P1302,False,The participant is mindful.,21,22,630,660,30,,,,
V03_S0139_I00000478,P1303,P1302,False,The participant is innovative.,10,14,300,420,120,,,,
V03_S0139_I00000478,P1302,P1303,False,The participant is feeling excited and intrigued.,14,16,420,480,60,,,,
V03_S0139_I00000478,P1303,P1302,False,The participant is surprised.,25,26,750,780,30,,,,
V03_S0139_I00000478,P1303,P1302,False,The participant is precise.,27,30,810,900,90,,,,
V03_S0139_I00000478,P1302,P1303,False,The participant is feeling confident.,30,33,900,990,90,,,,
V03_S0139_I00000478,P1302,P1303,False,The participant is feeling contemplative.,53,57,1590,1710,120,,,,
V03_S0139_I00000478,P1303,P1302,False,The participant is doubtful.,64,67,1920,2010,90,,,,
V03_S0139_I00000478,P1302,P1303,False,The participant is feeling focused and organized.,92,97,2760,2910,150,,,,
V03_S0139_I00000479,P1303,P1302,False,The participant is motivated.,23,26,690,780,90,,,,
V03_S0139_I00000479,P1303,P1302,False,The participant is thoughtful.,42,48,1260,1440,180,,,,
V03_S0139_I00000479,P1302,P1303,False,The participant is feeling at ease.,51,53,1530,1590,60,,,,
V03_S0139_I00000479,P1303,P1302,False,The participant is contented.,66,70,1980,2100,120,,,,
V03_S0139_I00000479,P1303,P1302,False,The participant is materialistic.,114,119,3420,3570,150,,,,
V03_S0139_I00000479,P1302,P1303,False,The participant is feeling reflective.,133,136,3990,4080,90,,,,
V03_S0139_I00000500,P1302,P1303,False,The participant is feeling uncertain.,23,25,690,750,60,,,,
V03_S0139_I00000500,P1303,P1302,False,The participant is tired.,56,58,1680,1740,60,,,,
V03_S0145_I00000307,P1313,P1291,False,Participant is confident,3,7,90,210,120,,,,
V03_S0145_I00000307,P1291,P1313,False,The person is concentrating on listening to the other person,93,97,2790,2910,120,,,,
V03_S0155_I00000372,P1332,P1274,False,The participant seemed puzzled or uncertain about the pamphlet content.,6,10,180,300,120,,,,
V03_S0155_I00000372,P1274,P1332,False,The participant is sure,104,105,3120,3150,30,,,,
V03_S0193_I00000371,P1425,P1288,False,Participant was attentive and certain,15,17,450,510,60,,,,
V03_S0193_I00000371,P1288,P1425,False,The participant is deeply in thought ,80,82,2400,2460,60,,,,
V03_S0193_I00000371,P1288,P1425,False,The participant is certain about his choice ,185,187,5550,5610,60,,,,
V03_S0193_I00000377,P1288,P1425,False,The participant is deep in thought ,0,5,0,150,150,,,,
V03_S0193_I00000377,P1425,P1288,False,The participant is genuine about her sentiments ,44,48,1320,1440,120,,,,
V03_S0201_I00000371,P1433,P1432,False,He felt confused and had difficulty thinking.,13,15,390,450,60,,,,
V03_S0201_I00000371,P1433,P1432,False,He was excited and confident with what he was saying.,41,45,1230,1350,120,,,,
V03_S0201_I00000371,P1432,P1433,False,Participant felt unsure if the other person understood what he was saying,85,95,2550,2850,300,,,,
V03_S0201_I00000371,P1433,P1432,False,Participant felt concerned and a bit uncomfortable.,166,172,4980,5160,180,,,,
V03_S0201_I00000374,P1433,P1432,False,He felt comfortable and confident with what he was saying.,5,10,150,300,150,,,,
V03_S0201_I00000374,P1432,P1433,False,"He felt comfortable, confident and joyful",66,70,1980,2100,120,,,,
V03_S0201_I00000374,P1433,P1432,False,He felt uncertain.,144,151,4320,4530,210,,,,
V03_S0201_I00000375,P1432,P1433,False,He appeared concerned and slightly frustrated.,83,87,2490,2610,120,,,,
V03_S0201_I00000375,P1433,P1432,False,He felt frustrated and annoyed,217,220,6510,6600,90,,,,
V03_S0208_I00000478,P1454,P1455,False,The speaker is agreeable,16,17,480,510,30,,,,
V03_S0208_I00000478,P1454,P1455,False,The speaker is feeling content,42,49,1260,1470,210,,,,
V03_S0208_I00000478,P1454,P1455,False,The speaker is amused,123,126,3690,3780,90,,,,
V03_S0208_I00000478,P1454,P1455,False,The speaker is engaged with the other person's words,140,143,4200,4290,90,,,,
V03_S0208_I00000478,P1454,P1455,False,The speaker is cheerful,144,145,4320,4350,30,,,,
V03_S0208_I00000478,P1455,P1454,False,The participant was interested,156,159,4680,4770,90,,,,
V03_S0208_I00000478,P1454,P1455,False,The speaker is assertive,211,215,6330,6450,120,,,,
V03_S0208_I00000480,P1455,P1454,False,The participant was confused,74,75,2220,2250,30,,,,
V03_S0208_I00000480,P1455,P1454,False,The participant was amused,88,95,2640,2850,210,,,,
V03_S0208_I00000480,P1454,P1455,False,The speaker is trying to show firmness,97,98,2910,2940,30,,,,
V03_S0208_I00000480,P1454,P1455,False,The speaker is compliant,145,145,4350,4350,0,,,,
V03_S0208_I00000482,P1455,P1454,False,The participant was amused and supportive,12,12,360,360,0,,,,
V03_S0208_I00000482,P1455,P1454,False,The participant was hesitant,16,18,480,540,60,,,,
V03_S0208_I00000482,P1454,P1455,False,The speaker is excited,26,28,780,840,60,,,,
V03_S0208_I00000482,P1455,P1454,False,The participant was interested,42,44,1260,1320,60,,,,
V03_S0208_I00000482,P1454,P1455,False,The speaker is feeling slightly uncomfortable,45,54,1350,1620,270,,,,
V03_S0208_I00000482,P1454,P1455,False,The speaker is feeling elated,67,69,2010,2070,60,,,,
V03_S0213_I00000130,P1467,P1466,False,She needs some extra info,12,14,360,420,60,,,,
V03_S0213_I00000130,P1466,P1467,False,"The participant appeared expressive, illustrating a group of people through arm gestures.",30,32,900,960,60,,,,
V03_S0213_I00000130,P1466,P1467,False,"The participant appeared deep in thought, concentrating while clearing her throat.",73,76,2190,2280,90,,,,
V03_S0213_I00000130,P1467,P1466,False,She tries to support the other participant,104,108,3120,3240,120,,,,
V03_S0213_I00000130,P1467,P1466,False,She continues to do so,108,108,3240,3240,0,,,,
V03_S0213_I00000130,P1466,P1467,False,"The participant appeared grateful and appreciative, expressing thanks with wide arm gestures.",161,163,4830,4890,60,,,,
V03_S0213_I00000461,P1467,P1466,False,She seems eager to hear the rest of the story,18,20,540,600,60,,,,
V03_S0213_I00000461,P1466,P1467,False,"The participant appeared thoughtful, frequently looking up and back while speaking.",63,64,1890,1920,30,,,,
V03_S0213_I00000461,P1467,P1466,False,She seems amused with this memory,95,97,2850,2910,60,,,,
V03_S0220_I00000498,P1489,P1488,False,The participant  may be somewhat bored/tired,10,15,300,450,150,,,,
V03_S0220_I00000498,P1489,P1488,False,The participant  seems alert and activated,20,25,600,750,150,,,,
V03_S0220_I00000498,P1489,P1488,False,The participant  seems somewhat tired and impatient perhaps,56,60,1680,1800,120,,,,
V03_S0220_I00000498,P1488,P1489,False,"The participant  is bored, but still tries to be polite",62,66,1860,1980,120,,,,
V03_S0225_I00000373,P1518,P1519,False,participant is anticipating and somewhat vulnerable,15,18,450,540,90,,,,
V03_S0225_I00000373,P1519,P1518,False,The participant was tranquil,60,62,1800,1860,60,,,,
V03_S0225_I00000373,P1518,P1519,False,participant is agreeing and supportive,112,114,3360,3420,60,,,,
V03_S0225_I00000373,P1519,P1518,False,The participant was restful,112,114,3360,3420,60,,,,
V03_S0225_I00000374,P1519,P1518,False,The participant was little confused,111,112,3330,3360,30,,,,
V03_S0225_I00000374,P1519,P1518,False,The participant was pensive,145,149,4350,4470,120,,,,
V03_S0225_I00000374,P1518,P1519,False,participant is disappointed,154,159,4620,4770,150,,,,
V03_S0225_I00000374,P1519,P1518,False,The participant was satisfied,154,159,4620,4770,150,,,,
V03_S0225_I00000374,P1519,P1518,False,The participant was complacent,162,165,4860,4950,90,,,,
V03_S0225_I00000374,P1518,P1519,False,participant is confident yet still disappointed,214,217,6420,6510,90,,,,
V03_S0225_I00000374,P1519,P1518,False,The participant was engrossed with the story,244,247,7320,7410,90,,,,
V03_S0260_I00000126,P1628,P1629,False,He is trying to please everyone,2,5,60,150,90,,,,
V03_S0260_I00000126,P1629,P1628,False,He is confident about answer,17,24,510,720,210,,,,
V03_S0386_I00000055,P2024,P1359,False,Is emotional about a specific situation,144,149,4320,4470,150,,,,
V03_S0386_I00000055,P1359,P2024,False,Participant was focused on what was shared by the other speaker,149,153,4470,4590,120,,,,
V03_S0386_I00000055,P2024,P1359,False,Expresses difficulties in a personal matter,196,203,5880,6090,210,,,,
V03_S0386_I00000055,P1359,P2024,False,Participant was engaged with what was shared by the other speaker,274,279,8220,8370,150,,,,
V03_S0386_I00000060,P1359,P2024,False,Participant was attentive,114,116,3420,3480,60,,,,
V03_S0386_I00000060,P2024,P1359,False,Is getting ready for the next exercise,188,205,5640,6150,510,,,,
V03_S0386_I00000060,P2024,P1359,False,Is amused while being patient,208,210,6240,6300,60,,,,
V03_S0386_I00000063,P2024,P1359,False,Look for the appropriate and relevant words to make themselves clear,32,40,960,1200,240,,,,
V03_S0386_I00000063,P1359,P2024,False,Participant stayed focused,71,76,2130,2280,150,,,,
V03_S0458_I00000077,P2199,P1209,False,the speaker is certain ,228,230,6840,6900,60,,,,
V03_S0458_I00000077,P1209,P2199,False,Participant was attentive but uncomfortable,232,234,6960,7020,60,,,,
V03_S0503_I00000073,P2454,P2455,False,The participant feels disappointed and reflective.,17,24,510,720,210,,,,
V03_S0503_I00000073,P2455,P2454,False,The participant feels curious and engaging.,76,77,2280,2310,30,,,,
V03_S0503_I00000073,P2455,P2454,False,The participant feels conditional and thoughtful.,100,103,3000,3090,90,,,,
V03_S0503_I00000074,P2454,P2455,False,The participant feels descriptive and explanatory.,0,6,0,180,180,,,,
V03_S0503_I00000074,P2454,P2455,False,The participant feels reflective and personal.,37,38,1110,1140,30,,,,
V03_S0503_I00000074,P2454,P2455,False,The participant feels self-reflective and uncertain.,61,66,1830,1980,150,,,,
V03_S0503_I00000074,P2455,P2454,False,The participant feels direct and blunt.,109,114,3270,3420,150,,,,
V03_S0503_I00000075,P2454,P2455,False,The participant feels open and conversational.,17,18,510,540,30,,,,
V03_S0503_I00000075,P2455,P2454,False,The participant feels informative and confident.,43,45,1290,1350,60,,,,
V03_S0503_I00000079,P2454,P2455,False,The participant feels positive and proud.,19,24,570,720,150,,,,
V03_S0503_I00000079,P2455,P2454,False,The participant feels concerned and empathetic.,45,49,1350,1470,120,,,,
V03_S0503_I00000079,P2455,P2454,False,The participant feels protective and self-reflective.,58,63,1740,1890,150,,,,
V03_S0503_I00000079,P2454,P2455,False,The participant feels curious and seeking validation.,75,76,2250,2280,30,,,,
V03_S0503_I00000079,P2455,P2454,False,The participant feels confused and reflective.,108,110,3240,3300,60,,,,
V03_S0503_I00000079,P2454,P2455,False,The participant feels descriptive and casual.,152,155,4560,4650,90,,,,
V03_S0503_I00000083,P2455,P2454,False,The participant feels observational and neutral.,28,34,840,1020,180,,,,
V03_S0503_I00000083,P2455,P2454,False,The participant feels self-deprecating and humorous.,42,47,1260,1410,150,,,,
V03_S0503_I00000083,P2454,P2455,False,The participant feels descriptive and visual.,83,87,2490,2610,120,,,,
V03_S0503_I00000085,P2454,P2455,False,The participant feels casual and descriptive.,11,19,330,570,240,,,,
V03_S0503_I00000085,P2455,P2454,False,The participant feels upset and indignant.,54,55,1620,1650,30,,,,
V03_S0503_I00000085,P2455,P2454,False,The participant feels concerned and assertive.,119,123,3570,3690,120,,,,
V03_S0503_I00000085,P2454,P2455,False,The participant feels frustrated and reflective.,149,156,4470,4680,210,,,,
V03_S0503_I00000087,P2454,P2455,False,The participant feels reflective and adaptive.,6,12,180,360,180,,,,
V03_S0503_I00000087,P2455,P2454,False,The participant feels goal-oriented and driven.,94,99,2820,2970,150,,,,
V03_S0503_I00000087,P2455,P2454,False,The participant feels reassured and confident.,142,147,4260,4410,150,,,,
V03_S0941_I00000179,P2154,P1207,False,Participant felt amused and empathetic,88,100,2640,3000,360,,,,
V03_S0941_I00000179,P1207,P2154,False,Participant felt hilarious,133,139,3990,4170,180,,,,
V03_S0941_I00000179,P2154,P1207,False,The participant was curious and pensive,142,144,4260,4320,60,,,,
V03_S0941_I00000182,P1207,P2154,False,Participant found it hilarious,128,131,3840,3930,90,,,,
V03_S0941_I00000182,P2154,P1207,False,Participant was slightly proud with some caution,262,267,7860,8010,150,,,,
V03_S0941_I00000184,P1207,P2154,False,The participant was impressed,8,10,240,300,60,,,,
V03_S0941_I00000184,P2154,P1207,False,Participant felt hilarious with some sarcasm,261,276,7830,8280,450,,,,
V03_S0941_I00000190,P2154,P1207,False,The participant was slightly taken aback,174,177,5220,5310,90,,,,
V03_S0941_I00000190,P1207,P2154,False,"Participant felt cheerful, playful and proud",260,262,7800,7860,60,,,,
V03_S1062_I00000057,P3109,P3485,False,Participant is upset and sympathetic,56,68,1680,2040,360,,,,
V03_S1062_I00000057,P3109,P3485,False,Participant is playfully ironic,85,91,2550,2730,180,,,,
V03_S1062_I00000057,P3485,P3109,False,Participant is bored,187,195,5610,5850,240,,,,
V03_S1062_I00000057,P3109,P3485,False,Participant is shocked,189,194,5670,5820,150,,,,
V03_S1062_I00000057,P3109,P3485,False,Participant is bored again,205,208,6150,6240,90,,,,
V03_S1062_I00000057,P3109,P3485,False,Participant is still bored,213,217,6390,6510,120,,,,
V03_S1153_I00000027,P3641,P3622,False,The participant is interested,59,64,1770,1920,150,,,,
V03_S1153_I00000027,P3622,P3641,False,The participant is joyful and agreeing,301,303,9030,9090,60,,,,
V03_S1153_I00000028,P3641,P3622,False,The participant is confident and relieved,218,223,6540,6690,150,,,,
V03_S1153_I00000028,P3622,P3641,False,The participant is attentive,301,306,9030,9180,150,,,,
V03_S1153_I00000028,P3641,P3622,False,The participant is curious,433,435,12990,13050,60,,,,
V03_S1153_I00000031,P3622,P3641,False,The participant is peaceful and attentive,7,11,210,330,120,,,,
V03_S1153_I00000031,P3641,P3622,False,The participant is anticipating ,642,646,19260,19380,120,,,,
V03_S1253_I00000314,P3750,P3782,False,The participant feels everything is okay.,9,16,270,480,210,,,,
V03_S1253_I00000314,P3782,P3750,False,The participant is attentive,32,42,960,1260,300,,,,
V03_S1253_I00000314,P3750,P3782,False,The participant is feeling regret.,93,112,2790,3360,570,,,,
V03_S1253_I00000316,P3782,P3750,False,The participant is being supportive,156,164,4680,4920,240,,,,
V03_S1253_I00000316,P3750,P3782,False,The participant is feeling uncomfortable sharing.,210,215,6300,6450,150,,,,
V03_S1270_I00000059,P1020,P3681,False,Participant feels itchy,32,36,960,1080,120,,,,
V03_S1270_I00000059,P3681,P1020,False,Participant feels itchy,34,37,1020,1110,90,,,,
V03_S1313_I00000105,P3978,P3979,False,The participant is attentive and engaged.,49,52,1470,1560,90,,,,
V03_S1313_I00000105,P3979,P3978,False,The participant is activated.,251,262,7530,7860,330,,,,
V03_S1313_I00000107,P3979,P3978,False,The participant is excited.,30,33,900,990,90,,,,
V03_S1313_I00000107,P3978,P3979,False,The participant is contributing and supportive.,101,108,3030,3240,210,,,,
V03_S1313_I00000112,P3979,P3978,False,The participant is perceptive.,0,6,0,180,180,,,,
V03_S1313_I00000112,P3978,P3979,False,The participant is joyful and happy.,145,148,4350,4440,90,,,,
