split,seamless_split,interaction_id,vendor_id,session_id,prompt_hash,interaction_type,label,relationship,relationship_detail,file_id_a,file_id_b,participant_a,participant_b,audio_url_a,audio_url_b,video_url_a,video_url_b,vad_url_a,vad_url_b
train,train,V00_S0743_I00000483,V00,0743,00000483,ipc_conversation,naturalistic,stranger,stranger,V00_S0743_I00000483_P0885,V00_S0743_I00000483_P0888,P0885,P0888,https://dl.fbaipublicfiles.com/seamless_interaction/naturalistic/train/audio/V00_S0743_I00000483_P0885.wav,https://dl.fbaipublicfiles.com/seamless_interaction/naturalistic/train/audio/V00_S0743_I00000483_P0888.wav,https://dl.fbaipublicfiles.com/seamless_interaction/naturalistic/train/video/V00_S0743_I00000483_P0885.mp4,https://dl.fbaipublicfiles.com/seamless_interaction/naturalistic/train/video/V00_S0743_I00000483_P0888.mp4,https://dl.fbaipublicfiles.com/seamless_interaction/naturalistic/train/metadata/vad/V00_S0743_I00000483_P0885.jsonl,https://dl.fbaipublicfiles.com/seamless_interaction/naturalistic/train/metadata/vad/V00_S0743_I00000483_P0888.jsonl
train,train,V00_S1005_I00000249,V00,1005,00000249,ipc_conversation,naturalistic,familiar,family-generic,V00_S1005_I00000249_P1054,V00_S1005_I00000249_P1055,P1054,P1055,https://dl.fbaipublicfiles.com/seamless_interaction/naturalistic/train/audio/V00_S1005_I00000249_P1054.wav,https://dl.fbaipublicfiles.com/seamless_interaction/naturalistic/train/audio/V00_S1005_I00000249_P1055.wav,https://dl.fbaipublicfiles.com/seamless_interaction/naturalistic/train/video/V00_S1005_I00000249_P1054.mp4,https://dl.fbaipublicfiles.com/seamless_interaction/naturalistic/train/video/V00_S1005_I00000249_P1055.mp4,https://dl.fbaipublicfiles.com/seamless_interaction/naturalistic/train/metadata/vad/V00_S1005_I00000249_P1054.jsonl,https://dl.fbaipublicfiles.com/seamless_interaction/naturalistic/train/metadata/vad/V00_S1005_I00000249_P1055.jsonl
train,train,V01_S0325_I00000314,V01,0325,00000314,ipc_conversation,naturalistic,stranger,stranger,V01_S0325_I00000314_P1666,V01_S0325_I00000314_P1667,P1666,P1667,https://dl.fbaipublicfiles.com/seamless_interaction/naturalistic/train/audio/V01_S0325_I00000314_P1666.wav,https://dl.fbaipublicfiles.com/seamless_interaction/naturalistic/train/audio/V01_S0325_I00000314_P1667.wav,https://dl.fbaipublicfiles.com/seamless_interaction/naturalistic/train/video/V01_S0325_I00000314_P1666.mp4,https://dl.fbaipublicfiles.com/seamless_interaction/naturalistic/train/video/V01_S0325_I00000314_P1667.mp4,https://dl.fbaipublicfiles.com/seamless_interaction/naturalistic/train/metadata/vad/V01_S0325_I00000314_P1666.jsonl,https://dl.fbaipublicfiles.com/seamless_interaction/naturalistic/train/metadata/vad/V01_S0325_I00000314_P1667.jsonl
train,train,V02_S3160_I00000501,V02,3160,00000501,ipc_conversation,naturalistic,familiar,friends,V02_S3160_I00000501_P4089,V02_S3160_I00000501_P4090,P4089,P4090,https://dl.fbaipublicfiles.com/seamless_interaction/naturalistic/train/audio/V02_S3160_I00000501_P4089.wav,https://dl.fbaipublicfiles.com/seamless_interaction/naturalistic/train/audio/V02_S3160_I00000501_P4090.wav,https://dl.fbaipublicfiles.com/seamless_interaction/naturalistic/train/video/V02_S3160_I00000501_P4089.mp4,https://dl.fbaipublicfiles.com/seamless_interaction/naturalistic/train/video/V02_S3160_I00000501_P4090.mp4,https://dl.fbaipublicfiles.com/seamless_interaction/naturalistic/train/metadata/vad/V02_S3160_I00000501_P4089.jsonl,https://dl.fbaipublicfiles.com/seamless_interaction/naturalistic/train/metadata/vad/V02_S3160_I00000501_P4090.jsonl
train,train,V02_S3227_I00000514,V02,3227,00000514,ipc_conversation,naturalistic,familiar,friends,V02_S3227_I00000514_P4078,V02_S3227_I00000514_P4123,P4078,P4123,https://dl.fbaipublicfiles.com/seamless_interaction/naturalistic/train/audio/V02_S3227_I00000514_P4078.wav,https://dl.fbaipublicfiles.com/seamless_interaction/naturalistic/train/audio/V02_S3227_I00000514_P4123.wav,https://dl.fbaipublicfiles.com/seamless_interaction/naturalistic/train/video/V02_S3227_I00000514_P4078.mp4,https://dl.fbaipublicfiles.com/seamless_interaction/naturalistic/train/video/V02_S3227_I00000514_P4123.mp4,https://dl.fbaipublicfiles.com/seamless_interaction/naturalistic/train/metadata/vad/V02_S3227_I00000514_P4078.jsonl,https://dl.fbaipublicfiles.com/seamless_interaction/naturalistic/train/metadata/vad/V02_S3227_I00000514_P4123.jsonl
train,train,V02_S3447_I00000082,V02,3447,00000082,ipc_conversation,naturalistic,stranger,stranger,V02_S3447_I00000082_P4200,V02_S3447_I00000082_P4202,P4200,P4202,https://dl.fbaipublicfiles.com/seamless_interaction/naturalistic/train/audio/V02_S3447_I00000082_P4200.wav,https://dl.fbaipublicfiles.com/seamless_interaction/naturalistic/train/audio/V02_S3447_I00000082_P4202.wav,https://dl.fbaipublicfiles.com/seamless_interaction/naturalistic/train/video/V02_S3447_I00000082_P4200.mp4,https://dl.fbaipublicfiles.com/seamless_interaction/naturalistic/train/video/V02_S3447_I00000082_P4202.mp4,https://dl.fbaipublicfiles.com/seamless_interaction/naturalistic/train/metadata/vad/V02_S3447_I00000082_P4200.jsonl,https://dl.fbaipublicfiles.com/seamless_interaction/naturalistic/train/metadata/vad/V02_S3447_I00000082_P4202.jsonl
train,train,V02_S3613_I00000053,V02,3613,00000053,ipc_conversation,naturalistic,familiar,friends,V02_S3613_I00000053_P4135,V02_S3613_I00000053_P4245,P4135,P4245,https://dl.fbaipublicfiles.com/seamless_interaction/naturalistic/train/audio/V02_S3613_I00000053_P4135.wav,https://dl.fbaipublicfiles.com/seamless_interaction/naturalistic/train/audio/V02_S3613_I00000053_P4245.wav,https://dl.fbaipublicfiles.com/seamless_interaction/naturalistic/train/video/V02_S3613_I00000053_P4135.mp4,https://dl.fbaipublicfiles.com/seamless_interaction/naturalistic/train/video/V02_S3613_I00000053_P4245.mp4,https://dl.fbaipublicfiles.com/seamless_interaction/naturalistic/train/metadata/vad/V02_S3613_I00000053_P4135.jsonl,https://dl.fbaipublicfiles.com/seamless_interaction/naturalistic/train/metadata/vad/V02_S3613_I00000053_P4245.jsonl
train,train,V02_S3653_I00000055,V02,3653,00000055,ipc_conversation,naturalistic,stranger,stranger,V02_S3653_I00000055_P4257,V02_S3653_I00000055_P4261,P4257,P4261,https://dl.fbaipublicfiles.com/seamless_interaction/naturalistic/train/audio/V02_S3653_I00000055_P4257.wav,https://dl.fbaipublicfiles.com/seamless_interaction/naturalistic/train/audio/V02_S3653_I00000055_P4261.wav,https://dl.fbaipublicfiles.com/seamless_interaction/naturalistic/train/video/V02_S3653_I00000055_P4257.mp4,https://dl.fbaipublicfiles.com/seamless_interaction/naturalistic/train/video/V02_S3653_I00000055_P4261.mp4,https://dl.fbaipublicfiles.com/seamless_interaction/naturalistic/train/metadata/vad/V02_S3653_I00000055_P4257.jsonl,https://dl.fbaipublicfiles.com/seamless_interaction/naturalistic/train/metadata/vad/V02_S3653_I00000055_P4261.jsonl
train,train,V02_S5099_I00000215,V02,5099,00000215,ipc_conversation,naturalistic,familiar,friends,V02_S5099_I00000215_P5071,V02_S5099_I00000215_P5123,P5071,P5123,https://dl.fbaipublicfiles.com/seamless_interaction/naturalistic/train/audio/V02_S5099_I00000215_P5071.wav,https://dl.fbaipublicfiles.com/seamless_interaction/naturalistic/train/audio/V02_S5099_I00000215_P5123.wav,https://dl.fbaipublicfiles.com/seamless_interaction/naturalistic/train/video/V02_S5099_I00000215_P5071.mp4,https://dl.fbaipublicfiles.com/seamless_interaction/naturalistic/train/video/V02_S5099_I00000215_P5123.mp4,https://dl.fbaipublicfiles.com/seamless_interaction/naturalistic/train/metadata/vad/V02_S5099_I00000215_P5071.jsonl,https://dl.fbaipublicfiles.com/seamless_interaction/naturalistic/train/metadata/vad/V02_S5099_I00000215_P5123.jsonl
train,train,V02_S5262_I00000293,V02,5262,00000293,ipc_conversation,naturalistic,familiar,family-generic,V02_S5262_I00000293_P5262,V02_S5262_I00000293_P5263,P5262,P5263,https://dl.fbaipublicfiles.com/seamless_interaction/naturalistic/train/audio/V02_S5262_I00000293_P5262.wav,https://dl.fbaipublicfiles.com/seamless_interaction/naturalistic/train/audio/V02_S5262_I00000293_P5263.wav,https://dl.fbaipublicfiles.com/seamless_interaction/naturalistic/train/video/V02_S5262_I00000293_P5262.mp4,https://dl.fbaipublicfiles.com/seamless_interaction/naturalistic/train/video/V02_S5262_I00000293_P5263.mp4,https://dl.fbaipublicfiles.com/seamless_interaction/naturalistic/train/metadata/vad/V02_S5262_I00000293_P5262.jsonl,https://dl.fbaipublicfiles.com/seamless_interaction/naturalistic/train/metadata/vad/V02_S5262_I00000293_P5263.jsonl
train,train,V03_S0710_I00000063,V03,0710,00000063,ipc_conversation,naturalistic,stranger,stranger,V03_S0710_I00000063_P1718,V03_S0710_I00000063_P2320,P1718,P2320,https://dl.fbaipublicfiles.com/seamless_interaction/naturalistic/train/audio/V03_S0710_I00000063_P1718.wav,https://dl.fbaipublicfiles.com/seamless_interaction/naturalistic/train/audio/V03_S0710_I00000063_P2320.wav,https://dl.fbaipublicfiles.com/seamless_interaction/naturalistic/train/video/V03_S0710_I00000063_P1718.mp4,https://dl.fbaipublicfiles.com/seamless_interaction/naturalistic/train/video/V03_S0710_I00000063_P2320.mp4,https://dl.fbaipublicfiles.com/seamless_interaction/naturalistic/train/metadata/vad/V03_S0710_I00000063_P1718.jsonl,https://dl.fbaipublicfiles.com/seamless_interaction/naturalistic/train/metadata/vad/V03_S0710_I00000063_P2320.jsonl
train,train,V03_S0966_I00000210,V03,0966,00000210,ipc_conversation,naturalistic,stranger,stranger,V03_S0966_I00000210_P3340,V03_S0966_I00000210_P3341,P3340,P3341,https://dl.fbaipublicfiles.com/seamless_interaction/naturalistic/train/audio/V03_S0966_I00000210_P3340.wav,https://dl.fbaipublicfiles.com/seamless_interaction/naturalistic/train/audio/V03_S0966_I00000210_P3341.wav,https://dl.fbaipublicfiles.com/seamless_interaction/naturalistic/train/video/V03_S0966_I00000210_P3340.mp4,https://dl.fbaipublicfiles.com/seamless_interaction/naturalistic/train/video/V03_S0966_I00000210_P3341.mp4,https://dl.fbaipublicfiles.com/seamless_interaction/naturalistic/train/metadata/vad/V03_S0966_I00000210_P3340.jsonl,https://dl.fbaipublicfiles.com/seamless_interaction/naturalistic/train/metadata/vad/V03_S0966_I00000210_P3341.jsonl
train,train,V03_S1246_I00000056,V03,1246,00000056,ipc_conversation,naturalistic,stranger,stranger,V03_S1246_I00000056_P3866,V03_S1246_I00000056_P3867,P3866,P3867,https://dl.fbaipublicfiles.com/seamless_interaction/naturalistic/train/audio/V03_S1246_I00000056_P3866.wav,https://dl.fbaipublicfiles.com/seamless_interaction/naturalistic/train/audio/V03_S1246_I00000056_P3867.wav,https://dl.fbaipublicfiles.com/seamless_interaction/naturalistic/train/video/V03_S1246_I00000056_P3866.mp4,https://dl.fbaipublicfiles.com/seamless_interaction/naturalistic/train/video/V03_S1246_I00000056_P3867.mp4,https://dl.fbaipublicfiles.com/seamless_interaction/naturalistic/train/metadata/vad/V03_S1246_I00000056_P3866.jsonl,https://dl.fbaipublicfiles.com/seamless_interaction/naturalistic/train/metadata/vad/V03_S1246_I00000056_P3867.jsonl
train,train,V03_S1631_I00000212,V03,1631,00000212,ipc_conversation,naturalistic,familiar,coworkers,V03_S1631_I00000212_P4034,V03_S1631_I00000212_P4480,P4034,P4480,https://dl.fbaipublicfiles.com/seamless_interaction/naturalistic/train/audio/V03_S1631_I00000212_P4034.wav,https://dl.fbaipublicfiles.com/seamless_interaction/naturalistic/train/audio/V03_S1631_I00000212_P4480.wav,https://dl.fbaipublicfiles.com/seamless_interaction/naturalistic/train/video/V03_S1631_I00000212_P4034.mp4,https://dl.fbaipublicfiles.com/seamless_interaction/naturalistic/train/video/V03_S1631_I00000212_P4480.mp4,https://dl.fbaipublicfiles.com/seamless_interaction/naturalistic/train/metadata/vad/V03_S1631_I00000212_P4034.jsonl,https://dl.fbaipublicfiles.com/seamless_interaction/naturalistic/train/metadata/vad/V03_S1631_I00000212_P4480.jsonl
train,train,V03_S2132_I00000216,V03,2132,00000216,ipc_conversation,naturalistic,familiar,friends,V03_S2132_I00000216_P5792,V03_S2132_I00000216_P5793,P5792,P5793,https://dl.fbaipublicfiles.com/seamless_interaction/naturalistic/train/audio/V03_S2132_I00000216_P5792.wav,https://dl.fbaipublicfiles.com/seamless_interaction/naturalistic/train/audio/V03_S2132_I00000216_P5793.wav,https://dl.fbaipublicfiles.com/seamless_interaction/naturalistic/train/video/V03_S2132_I00000216_P5792.mp4,https://dl.fbaipublicfiles.com/seamless_interaction/naturalistic/train/video/V03_S2132_I00000216_P5793.mp4,https://dl.fbaipublicfiles.com/seamless_interaction/naturalistic/train/metadata/vad/V03_S2132_I00000216_P5792.jsonl,https://dl.fbaipublicfiles.com/seamless_interaction/naturalistic/train/metadata/vad/V03_S2132_I00000216_P5793.jsonl
val,dev,V00_S0691_I00000482,V00,0691,00000482,ipc_conversation,naturalistic,stranger,stranger,V00_S0691_I00000482_P0500,V00_S0691_I00000482_P0840,P0500,P0840,https://dl.fbaipublicfiles.com/seamless_interaction/naturalistic/dev/audio/V00_S0691_I00000482_P0500.wav,https://dl.fbaipublicfiles.com/seamless_interaction/naturalistic/dev/audio/V00_S0691_I00000482_P0840.wav,https://dl.fbaipublicfiles.com/seamless_interaction/naturalistic/dev/video/V00_S0691_I00000482_P0500.mp4,https://dl.fbaipublicfiles.com/seamless_interaction/naturalistic/dev/video/V00_S0691_I00000482_P0840.mp4,https://dl.fbaipublicfiles.com/seamless_interaction/naturalistic/dev/metadata/vad/V00_S0691_I00000482_P0500.jsonl,https://dl.fbaipublicfiles.com/seamless_interaction/naturalistic/dev/metadata/vad/V00_S0691_I00000482_P0840.jsonl
val,dev,V01_S0283_I00000266,V01,0283,00000266,ipc_conversation,naturalistic,familiar,friends,V01_S0283_I00000266_P1603,V01_S0283_I00000266_P1604,P1603,P1604,https://dl.fbaipublicfiles.com/seamless_interaction/naturalistic/dev/audio/V01_S0283_I00000266_P1603.wav,https://dl.fbaipublicfiles.com/seamless_interaction/naturalistic/dev/audio/V01_S0283_I00000266_P1604.wav,https://dl.fbaipublicfiles.com/seamless_interaction/naturalistic/dev/video/V01_S0283_I00000266_P1603.mp4,https://dl.fbaipublicfiles.com/seamless_interaction/naturalistic/dev/video/V01_S0283_I00000266_P1604.mp4,https://dl.fbaipublicfiles.com/seamless_interaction/naturalistic/dev/metadata/vad/V01_S0283_I00000266_P1603.jsonl,https://dl.fbaipublicfiles.com/seamless_interaction/naturalistic/dev/metadata/vad/V01_S0283_I00000266_P1604.jsonl
val,dev,V03_S0120_I00000131,V03,0120,00000131,ipc_conversation,naturalistic,stranger,stranger,V03_S0120_I00000131_P1264,V03_S0120_I00000131_P1265,P1264,P1265,https://dl.fbaipublicfiles.com/seamless_interaction/naturalistic/dev/audio/V03_S0120_I00000131_P1264.wav,https://dl.fbaipublicfiles.com/seamless_interaction/naturalistic/dev/audio/V03_S0120_I00000131_P1265.wav,https://dl.fbaipublicfiles.com/seamless_interaction/naturalistic/dev/video/V03_S0120_I00000131_P1264.mp4,https://dl.fbaipublicfiles.com/seamless_interaction/naturalistic/dev/video/V03_S0120_I00000131_P1265.mp4,https://dl.fbaipublicfiles.com/seamless_interaction/naturalistic/dev/metadata/vad/V03_S0120_I00000131_P1264.jsonl,https://dl.fbaipublicfiles.com/seamless_interaction/naturalistic/dev/metadata/vad/V03_S0120_I00000131_P1265.jsonl
val,dev,V03_S1869_I00000303,V03,1869,00000303,ipc_conversation,naturalistic,familiar,coworkers,V03_S1869_I00000303_P3837,V03_S1869_I00000303_P5265,P3837,P5265,https://dl.fbaipublicfiles.com/seamless_interaction/naturalistic/dev/audio/V03_S1869_I00000303_P3837.wav,https://dl.fbaipublicfiles.com/seamless_interaction/naturalistic/dev/audio/V03_S1869_I00000303_P5265.wav,https://dl.fbaipublicfiles.com/seamless_interaction/naturalistic/dev/video/V03_S1869_I00000303_P3837.mp4,https://dl.fbaipublicfiles.com/seamless_interaction/naturalistic/dev/video/V03_S1869_I00000303_P5265.mp4,https://dl.fbaipublicfiles.com/seamless_interaction/naturalistic/dev/metadata/vad/V03_S1869_I00000303_P3837.jsonl,https://dl.fbaipublicfiles.com/seamless_interaction/naturalistic/dev/metadata/vad/V03_S1869_I00000303_P5265.jsonl
test,test,V03_S0870_I00000054,V03,0870,00000054,ipc_conversation,naturalistic,stranger,stranger,V03_S0870_I00000054_P2962,V03_S0870_I00000054_P2963,P2962,P2963,https://dl.fbaipublicfiles.com/seamless_interaction/naturalistic/test/audio/V03_S0870_I00000054_P2962.wav,https://dl.fbaipublicfiles.com/seamless_interaction/naturalistic/test/audio/V03_S0870_I00000054_P2963.wav,https://dl.fbaipublicfiles.com/seamless_interaction/naturalistic/test/video/V03_S0870_I00000054_P2962.mp4,https://dl.fbaipublicfiles.com/seamless_interaction/naturalistic/test/video/V03_S0870_I00000054_P2963.mp4,https://dl.fbaipublicfiles.com/seamless_interaction/naturalistic/test/metadata/vad/V03_S0870_I00000054_P2962.jsonl,https://dl.fbaipublicfiles.com/seamless_interaction/naturalistic/test/metadata/vad/V03_S0870_I00000054_P2963.jsonl
test,test,V03_S1417_I00000320,V03,1417,00000320,ipc_conversation,naturalistic,familiar,familiar-generic,V03_S1417_I00000320_P4104,V03_S1417_I00000320_P4105,P4104,P4105,https://dl.fbaipublicfiles.com/seamless_interaction/naturalistic/test/audio/V03_S1417_I00000320_P4104.wav,https://dl.fbaipublicfiles.com/seamless_interaction/naturalistic/test/audio/V03_S1417_I00000320_P4105.wav,https://dl.fbaipublicfiles.com/seamless_interaction/naturalistic/test/video/V03_S1417_I00000320_P4104.mp4,https://dl.fbaipublicfiles.com/seamless_interaction/naturalistic/test/video/V03_S1417_I00000320_P4105.mp4,https://dl.fbaipublicfiles.com/seamless_interaction/naturalistic/test/metadata/vad/V03_S1417_I00000320_P4104.jsonl,https://dl.fbaipublicfiles.com/seamless_interaction/naturalistic/test/metadata/vad/V03_S1417_I00000320_P4105.jsonl
test,test,V03_S1825_I00000001,V03,1825,00000001,ipc_conversation,naturalistic,familiar,friends,V03_S1825_I00000001_P5038,V03_S1825_I00000001_P5039,P5038,P5039,https://dl.fbaipublicfiles.com/seamless_interaction/naturalistic/test/audio/V03_S1825_I00000001_P5038.wav,https://dl.fbaipublicfiles.com/seamless_interaction/naturalistic/test/audio/V03_S1825_I00000001_P5039.wav,https://dl.fbaipublicfiles.com/seamless_interaction/naturalistic/test/video/V03_S1825_I00000001_P5038.mp4,https://dl.fbaipublicfiles.com/seamless_interaction/naturalistic/test/video/V03_S1825_I00000001_P5039.mp4,https://dl.fbaipublicfiles.com/seamless_interaction/naturalistic/test/metadata/vad/V03_S1825_I00000001_P5038.jsonl,https://dl.fbaipublicfiles.com/seamless_interaction/naturalistic/test/metadata/vad/V03_S1825_I00000001_P5039.jsonl
test,test,V03_S1930_I00000105,V03,1930,00000105,ipc_conversation,naturalistic,stranger,stranger,V03_S1930_I00000105_P5054,V03_S1930_I00000105_P5055,P5054,P5055,https://dl.fbaipublicfiles.com/seamless_interaction/naturalistic/test/audio/V03_S1930_I00000105_P5054.wav,https://dl.fbaipublicfiles.com/seamless_interaction/naturalistic/test/audio/V03_S1930_I00000105_P5055.wav,https://dl.fbaipublicfiles.com/seamless_interaction/naturalistic/test/video/V03_S1930_I00000105_P5054.mp4,https://dl.fbaipublicfiles.com/seamless_interaction/naturalistic/test/video/V03_S1930_I00000105_P5055.mp4,https://dl.fbaipublicfiles.com/seamless_interaction/naturalistic/test/metadata/vad/V03_S1930_I00000105_P5054.jsonl,https://dl.fbaipublicfiles.com/seamless_interaction/naturalistic/test/metadata/vad/V03_S1930_I00000105_P5055.jsonl
