tau_ms,ablation,experiment,experiment_name,config,fusion,arch,n_streams,streams_summary,has_cpc,has_openface,has_coord_summary,has_coord_continuous,n_params,best_epoch,epochs_run,n_test_samples,test_loss,macro_precision,macro_recall,macro_f1,weighted_f1,h_precision,h_recall,h_f1,h_support,h_tp,h_fp,h_fn,y_precision,y_recall,y_f1,y_support,y_tp,y_fp,y_fn,b_precision,b_recall,b_f1,b_support,b_tp,b_fp,b_fn,cm_h_h,cm_h_y,cm_h_b,cm_y_h,cm_y_y,cm_y_b,cm_b_h,cm_b_y,cm_b_b,per_interaction_macro_f1_mean,per_interaction_macro_f1_std,per_interaction_macro_f1_min,per_interaction_macro_f1_max,per_interaction_macro_f1_median,per_speaker_macro_f1_mean,per_speaker_macro_f1_std,per_speaker_macro_f1_min,per_speaker_macro_f1_max,per_speaker_macro_f1_median,accuracy,balanced_accuracy,auc_macro_f1,auc_macro_recall
100,Standard,cpc_both_early,Audio Dyad,CPC(A+B),EarlyFusionGRU,Early Fusion,2,cpc/speaker; cpc/listener,1,0,0,0,165251,6,10,20372,0.41754468473948314,0.5384436449776092,0.7946612474932802,0.5788285901604996,0.9245364308485466,0.9934666515168731,0.934284340439173,0.9629670420441092,18717,17487,115,1230,0.15098241985522234,0.8795180722891566,0.2577228596646072,166,146,821,20,0.47088186356073214,0.570181329751511,0.5157958687727825,1489,849,954,640,17487,288,942,8,146,12,107,533,849,0.5489744783177065,0.10808275425356591,0.3255360623781677,0.8206523635095063,0.5546112684922883,0.529203015567923,0.13174592243781355,0.29629629629629634,0.9228817858954845,0.5360382929827374,0.9072256037698803,0.7946612474932803,938.4637236139733,990.8432124681216
200,Standard,cpc_both_early,Audio Dyad,CPC(A+B),EarlyFusionGRU,Early Fusion,2,cpc/speaker; cpc/listener,1,0,0,0,165251,6,10,19363,0.4158322671736631,0.5839346100665489,0.7884286198434954,0.6421789340349477,0.924740573849365,0.9888994420040366,0.9379011372593177,0.9627253814147019,17762,16659,187,1103,0.3054892601431981,0.8338762214983714,0.44716157205240176,307,256,582,51,0.45741512805241213,0.5935085007727975,0.5166498486377396,1294,768,911,526,16659,222,881,21,256,30,166,360,768,0.5979166877006711,0.13066385172866812,0.3251533742331288,0.8814814814814814,0.6308517987140656,0.5693984853721383,0.14091610545111488,0.31851851851851853,0.8869395711500975,0.5799105293998563,0.9132365852398905,0.7884286198434954,938.4637236139733,990.8432124681216
400,Standard,cpc_both_early,Audio Dyad,CPC(A+B),EarlyFusionGRU,Early Fusion,2,cpc/speaker; cpc/listener,1,0,0,0,165251,6,10,17998,0.49892089435697623,0.633621740414998,0.7519127182146276,0.6805580091678015,0.9204697021777923,0.9794490042629,0.9422782640631695,0.9605041492481438,16337,15394,323,943,0.473753280839895,0.7307692307692307,0.5748407643312102,494,361,401,133,0.4476629361421988,0.5826906598114824,0.5063291139240507,1167,680,839,487,15394,161,782,76,361,57,247,240,680,0.6217543798179824,0.13742183492511825,0.3270440251572327,0.8322440087145969,0.6578433814980901,0.5927911806198904,0.14762513036602226,0.32142857142857145,0.8865900383141763,0.6242819601746983,0.9131570174463829,0.7519127182146276,938.4637236139733,990.8432124681216
500,Standard,cpc_both_early,Audio Dyad,CPC(A+B),EarlyFusionGRU,Early Fusion,2,cpc/speaker; cpc/listener,1,0,0,0,165251,6,10,17475,0.5563114064535358,0.6417778771205968,0.7271888222636801,0.678044488904999,0.9157353701674668,0.9744817633167148,0.9437738246505718,0.9588820036147689,15740,14855,389,885,0.5051020408163265,0.676923076923077,0.5785244704163622,585,396,388,189,0.4457498272287491,0.5608695652173913,0.49672699268386605,1150,645,802,505,14855,156,729,116,396,73,273,232,645,0.6194115057289152,0.1356834589138899,0.3270042194092827,0.7931350114416477,0.6604241062545,0.5902814492374018,0.15181934330386446,0.32142857142857145,0.9049198452183527,0.6217994855096878,0.9096423462088699,0.7271888222636801,938.4637236139733,990.8432124681216
800,Standard,cpc_both_early,Audio Dyad,CPC(A+B),EarlyFusionGRU,Early Fusion,2,cpc/speaker; cpc/listener,1,0,0,0,165251,6,10,16807,0.8037475545182953,0.6361005796628291,0.6509532642886514,0.6389051565823209,0.8981441038375866,0.9567046688382194,0.9401173646305682,0.9483384905152697,14996,14098,638,898,0.6110397946084724,0.536036036036036,0.5710857828434313,888,476,303,412,0.34055727554179566,0.47670639219934996,0.3972911963882619,923,440,852,483,14098,175,723,283,476,129,355,128,440,0.5837375856230967,0.11629006720957905,0.3264840182648402,0.7963099630996311,0.615668202764977,0.5576667218424989,0.13945745894909067,0.25641025641025644,1.0,0.5566265060240964,0.8933182602487059,0.6509532642886514,938.4637236139733,990.8432124681216
1600,Standard,cpc_both_early,Audio Dyad,CPC(A+B),EarlyFusionGRU,Early Fusion,2,cpc/speaker; cpc/listener,1,0,0,0,165251,6,10,16436,1.4009310973567461,0.6279164946644905,0.5414922239331124,0.5602625468106491,0.8350541363215881,0.8993762993762994,0.9456426697755757,0.9219293883639981,13724,12978,1452,746,0.6929824561403509,0.31891580161476357,0.43680884676145343,1734,553,245,1181,0.2913907284768212,0.35991820040899797,0.3220494053064959,978,352,856,626,12978,140,606,931,553,250,521,105,352,0.5073483012192505,0.10236566204572646,0.30357142857142855,0.6835555555555556,0.5371489136195018,0.4793048621143035,0.12079761859584745,0.0,0.8284313725490197,0.4986621310882532,0.8446702360671696,0.5414922239331125,938.4637236139733,990.8432124681216
100,Standard,cpc_both_neural_concat,Audio Dyad,CPC(A+B),NeuralConcatFusion,Neural-Concat,2,cpc/speaker; cpc/listener,1,0,0,0,132099,5,9,20372,0.36669959873253627,0.5669150596076648,0.7933010459302138,0.6218521510602141,0.932327074565313,0.9923672754000114,0.9377571191964524,0.9642896385012637,18717,17552,135,1165,0.1890625,0.7289156626506024,0.3002481389578163,166,121,519,45,0.5193154034229829,0.7132303559435863,0.601018675721562,1489,1062,983,427,17552,214,951,13,121,32,122,305,1062,0.5798552110211633,0.11089190205139465,0.3266090297790586,0.7962059620596206,0.586747601865183,0.55794683762603,0.14018264447249998,0.2857142857142857,1.0,0.5581964080258541,0.9196446102493618,0.7933010459302138,943.1975015400853,976.8080281599651
200,Standard,cpc_both_neural_concat,Audio Dyad,CPC(A+B),NeuralConcatFusion,Neural-Concat,2,cpc/speaker; cpc/listener,1,0,0,0,132099,5,9,19363,0.3945060381112217,0.6170327582469843,0.7790206615249687,0.6757238528206501,0.9304739667581087,0.9875347078631772,0.9411102353338588,0.9637637291360375,17762,16716,211,1046,0.3734513274336283,0.6872964169381107,0.48394495412844035,307,211,354,96,0.4901122394441475,0.7086553323029366,0.5794628751974724,1294,917,954,377,16716,161,885,27,211,69,184,193,917,0.613205620508585,0.1341349039109708,0.32636815920398016,0.8883906327852517,0.6435718399078606,0.5864660985766245,0.15664067363551398,0.2857142857142857,1.0,0.6064720577267426,0.9215514124877343,0.7790206615249687,943.1975015400853,976.8080281599651
400,Standard,cpc_both_neural_concat,Audio Dyad,CPC(A+B),NeuralConcatFusion,Neural-Concat,2,cpc/speaker; cpc/listener,1,0,0,0,132099,5,9,17998,0.5099880545677338,0.6668096093359658,0.7392119635155302,0.6969145675256144,0.9242829401796434,0.9775387535590003,0.945706065985187,0.961358969572522,16337,15450,355,887,0.551660516605166,0.6052631578947368,0.5772200772200772,494,299,243,195,0.47122955784373105,0.6666666666666666,0.5521646557842441,1167,778,873,389,15450,124,763,85,299,110,270,119,778,0.6328636556567888,0.14576219576133048,0.32708333333333334,1.0,0.6722402013664149,0.5998377651616246,0.1566281376359192,0.26666666666666666,0.8883229579324655,0.6441631739673356,0.9182686965218357,0.7392119635155301,943.1975015400853,976.8080281599651
500,Standard,cpc_both_neural_concat,Audio Dyad,CPC(A+B),NeuralConcatFusion,Neural-Concat,2,cpc/speaker; cpc/listener,1,0,0,0,132099,5,9,17475,0.5777606661976962,0.6777827164688958,0.7176310213142433,0.6926245172735243,0.9198616416771834,0.972678664580073,0.947712833545108,0.9600334663405844,15740,14917,419,823,0.5883424408014571,0.5521367521367522,0.5696649029982362,585,323,226,262,0.47232704402515724,0.6530434782608696,0.5481751824817519,1150,751,839,399,14917,120,703,126,323,136,293,106,751,0.6271976150325749,0.1434865212151185,0.32671081677704195,1.0,0.6666666666666666,0.5925407688226697,0.1584337323900633,0.29629629629629634,0.888296822577462,0.6240607942781856,0.9150786838340487,0.7176310213142433,943.1975015400853,976.8080281599651
800,Standard,cpc_both_neural_concat,Audio Dyad,CPC(A+B),NeuralConcatFusion,Neural-Concat,2,cpc/speaker; cpc/listener,1,0,0,0,132099,5,9,16807,0.8460124812041862,0.6582867608769932,0.6376756293400732,0.6326586568500092,0.8986780240709898,0.9558585313174947,0.9443851693785009,0.9500872132027371,14996,14162,654,834,0.6690017513134852,0.43018018018018017,0.5236463331048664,888,382,189,506,0.35,0.5384615384615384,0.4242424242424242,923,497,923,426,14162,127,707,290,382,216,364,62,497,0.5860058533992073,0.11996584705160171,0.32578209277238407,1.0,0.604834565570762,0.550680872083971,0.1385242417016021,0.25641025641025644,0.8864908073541167,0.5603339035594573,0.8949247337418933,0.6376756293400732,943.1975015400853,976.8080281599651
1600,Standard,cpc_both_neural_concat,Audio Dyad,CPC(A+B),NeuralConcatFusion,Neural-Concat,2,cpc/speaker; cpc/listener,1,0,0,0,132099,5,9,16436,1.489994652325414,0.6459858633239726,0.5379007042687268,0.5493049155323123,0.8322166886687133,0.8995172413793103,0.9503788982803847,0.9242488662131519,13724,13043,1457,681,0.7399328859060402,0.25432525951557095,0.3785407725321889,1734,441,155,1293,0.29850746268656714,0.40899795501022496,0.34512510785159617,978,400,940,578,13043,104,577,930,441,363,527,51,400,0.5026317927028252,0.10483625534864477,0.32142857142857145,0.8875713658322354,0.5057915057915058,0.471695519288219,0.11688433258603985,0.1851851851851852,0.7687687687687688,0.484009139009139,0.8447310781211974,0.5379007042687268,943.1975015400853,976.8080281599651
100,Standard,cpc_speaker_of_listener,Speaker Audio + Listener Face,CPC(A) + OF(B),NeuralConcatFusion,Neural-Concat,2,cpc/speaker; openface/listener,1,1,0,0,87363,6,10,20372,0.540937525337065,0.4580505706708619,0.6986124062647873,0.4964069092735697,0.8539021617223178,0.9842985188481342,0.8272693273494685,0.8989781699953553,18717,15484,247,3233,0.14405594405594405,0.6204819277108434,0.23382519863791146,166,103,612,63,0.2457972491085074,0.6480859637340497,0.3564173591874423,1489,965,2961,524,15484,325,2908,10,103,53,237,287,965,0.460850071902673,0.103657772198852,0.2453842388644151,0.6904761904761904,0.4755086988589527,0.44433241975337373,0.11405318213211889,0.2443561089027226,0.7183462532299741,0.43911431170992854,0.8124877282544669,0.6986124062647873,795.1210468359006,896.0784656886572
200,Standard,cpc_speaker_of_listener,Speaker Audio + Listener Face,CPC(A) + OF(B),NeuralConcatFusion,Neural-Concat,2,cpc/speaker; openface/listener,1,1,0,0,87363,6,10,19363,0.562311394281244,0.5012792899767547,0.6913146005916726,0.5441166881491415,0.8550696665917535,0.9807054767272245,0.8327328003603198,0.9006820119352089,17762,14791,291,2971,0.2940226171243942,0.5928338762214984,0.3930885529157667,307,182,437,125,0.22910977607864555,0.6483771251931993,0.33857949959644873,1294,839,2823,455,14791,250,2721,23,182,102,268,187,839,0.5009474212418058,0.11229753910983542,0.24619367294107322,0.7041229182113159,0.5102958746222503,0.48032153892528934,0.1316889814371956,0.24460724460724462,0.7926895799236225,0.48363327386716515,0.8166089965397924,0.6913146005916726,795.1210468359006,896.0784656886572
400,Standard,cpc_speaker_of_listener,Speaker Audio + Listener Face,CPC(A) + OF(B),NeuralConcatFusion,Neural-Concat,2,cpc/speaker; openface/listener,1,1,0,0,87363,6,10,17998,0.6394595233966727,0.5435202261029045,0.6625614442607257,0.5678323862787005,0.8522461209973711,0.9732396365701306,0.839260574156822,0.9012982744453575,16337,13711,377,2626,0.43844856661045534,0.5263157894736842,0.4783808647654094,494,260,333,234,0.21887247512812782,0.622107969151671,0.3238180196253345,1167,726,2591,441,13711,207,2419,62,260,172,315,126,726,0.5219249694195507,0.11723617932636969,0.251888704625023,0.7058151957267002,0.5281685327818191,0.49770597428907776,0.1386208956284516,0.2427881560554073,0.8470418470418472,0.49623588516518347,0.8165907323035893,0.6625614442607257,795.1210468359006,896.0784656886572
500,Standard,cpc_speaker_of_listener,Speaker Audio + Listener Face,CPC(A) + OF(B),NeuralConcatFusion,Neural-Concat,2,cpc/speaker; openface/listener,1,1,0,0,87363,6,10,17475,0.6984316947497694,0.5539922564013048,0.6472948024624727,0.5681508902410801,0.8484254707014218,0.9693130218251061,0.840851334180432,0.900523916445533,15740,13235,419,2505,0.4743801652892562,0.4905982905982906,0.4823529411764706,585,287,318,298,0.21828358208955223,0.6104347826086957,0.3215758131012368,1150,702,2514,448,13235,200,2305,89,287,209,330,118,702,0.5213225781286395,0.11680604618058987,0.2576143110494256,0.7032435548966313,0.5251260334744908,0.49475728091173543,0.13378302282842497,0.24694470707707392,0.806878306878307,0.49614234726986184,0.8139628040057224,0.6472948024624728,795.1210468359006,896.0784656886572
800,Standard,cpc_speaker_of_listener,Speaker Audio + Listener Face,CPC(A) + OF(B),NeuralConcatFusion,Neural-Concat,2,cpc/speaker; openface/listener,1,1,0,0,87363,6,10,16807,0.9274017189746242,0.5574108174999922,0.5905948160572868,0.5371897053786355,0.8353044683939786,0.9550425273390036,0.8386236329687917,0.8930549637835535,14996,12576,592,2420,0.555045871559633,0.40878378378378377,0.4708171206225681,888,363,291,525,0.16214405360134004,0.5243770314192849,0.24769703172978508,923,484,2501,439,12576,225,2195,219,363,306,373,66,484,0.4957425224286625,0.10014652612207525,0.26933333333333337,0.6564466266593926,0.5023240864362359,0.47031456201689426,0.12812606464664195,0.2222222222222222,0.8289241622574955,0.4722341881426338,0.7986553221871839,0.5905948160572868,795.1210468359006,896.0784656886572
1600,Standard,cpc_speaker_of_listener,Speaker Audio + Listener Face,CPC(A) + OF(B),NeuralConcatFusion,Neural-Concat,2,cpc/speaker; openface/listener,1,1,0,0,87363,6,10,16436,1.5633975882060511,0.5664549027087916,0.5094508233088891,0.4860595605039504,0.7833100692420863,0.9039324972906022,0.8508452346254736,0.876585841903761,13724,11677,1241,2047,0.6494082840236687,0.25317185697808536,0.3643153526970955,1734,439,237,1295,0.14602392681210416,0.42433537832310836,0.21727748691099477,978,415,2427,563,11677,186,1861,729,439,566,512,51,415,0.44557279018413887,0.08126855123934953,0.258457757296467,0.5842293906810037,0.4389508530685002,0.42043629130023397,0.10333277128839796,0.18055555555555555,0.6547619047619048,0.41990644889195616,0.7624117790216598,0.5094508233088891,795.1210468359006,896.0784656886572
100,Standard,cpc_speaker_of_dyad,Speaker Audio + Face Dyad,CPC(A) + OF(A+B),NeuralConcatFusion,Neural-Concat,3,cpc/speaker; openface/listener; openface/speaker,1,1,0,0,108547,4,8,20372,0.5837704303185972,0.4498181620333721,0.7016330142186469,0.48559449369960994,0.857443820810952,0.98241331831268,0.8386493562002457,0.904856607580343,18717,15697,281,3020,0.12967032967032968,0.7108433734939759,0.2193308550185874,166,118,792,48,0.23737083811710677,0.5554063129617193,0.33259601849989945,1489,827,2657,662,15697,397,2623,14,118,34,267,395,827,0.4482382361019148,0.09065304702743643,0.2996031746031746,0.6503174603174603,0.45607643882018345,0.43158508001195467,0.10673259514988524,0.08333333333333333,0.7719974309569685,0.42375872512126855,0.8169055566463774,0.7016330142186469,805.6932638044309,909.4635339894153
200,Standard,cpc_speaker_of_dyad,Speaker Audio + Face Dyad,CPC(A) + OF(A+B),NeuralConcatFusion,Neural-Concat,3,cpc/speaker; openface/listener; openface/speaker,1,1,0,0,108547,4,8,19363,0.5869809164554196,0.4865431370810471,0.6946934194153144,0.5327229505264085,0.8579688862474731,0.9795063183395535,0.8422474946515032,0.9057060693204176,17762,14960,313,2802,0.2589838909541512,0.6807817589576547,0.3752244165170557,307,209,598,98,0.22113920194943648,0.5610510046367851,0.31723836574175224,1294,726,2557,568,14960,315,2487,28,209,70,285,283,726,0.49467032247513537,0.10774360295020105,0.3176593521421108,0.7372213842802079,0.5170378225521386,0.4705870943347301,0.12071224768993381,0.0888888888888889,0.7316821465428277,0.4703215601048418,0.8208955223880597,0.6946934194153144,805.6932638044309,909.4635339894153
400,Standard,cpc_speaker_of_dyad,Speaker Audio + Face Dyad,CPC(A) + OF(A+B),NeuralConcatFusion,Neural-Concat,3,cpc/speaker; openface/listener; openface/speaker,1,1,0,0,108547,4,8,17998,0.6441464842389141,0.5314407043260252,0.6722918078088523,0.5684910609046468,0.8561334311239567,0.9722202735882146,0.8483197649507254,0.9060538702928871,16337,13859,396,2478,0.4037685060565276,0.6072874493927125,0.4850444624090542,494,300,443,194,0.21833333333333332,0.5612682090831191,0.31437485001199905,1167,655,2345,512,13859,253,2225,74,300,120,322,190,655,0.524303076353417,0.11451848562167949,0.3091334894613583,0.7708812260536398,0.5489330389992642,0.5003515670112142,0.13484762635184505,0.07407407407407407,0.793987168987169,0.5036507537964429,0.8230914546060674,0.6722918078088522,805.6932638044309,909.4635339894153
500,Standard,cpc_speaker_of_dyad,Speaker Audio + Face Dyad,CPC(A) + OF(A+B),NeuralConcatFusion,Neural-Concat,3,cpc/speaker; openface/listener; openface/speaker,1,1,0,0,108547,4,8,17475,0.6944283832142794,0.5422945700370067,0.6572944042536882,0.5720299423779825,0.8527095014916193,0.9676183592338272,0.8505082592121982,0.9052916314454775,15740,13387,448,2353,0.4394736842105263,0.5709401709401709,0.49665427509293675,585,334,426,251,0.21979166666666666,0.5504347826086956,0.3141439205955335,1150,633,2247,517,13387,250,2103,107,334,144,341,176,633,0.5230829155127882,0.11347826329632058,0.3110047846889952,0.6973827115169872,0.5493744740532959,0.4967795813572432,0.14030870112767654,0.0,0.8036758563074352,0.5082905547056491,0.8214020028612303,0.6572944042536882,805.6932638044309,909.4635339894153
800,Standard,cpc_speaker_of_dyad,Speaker Audio + Face Dyad,CPC(A) + OF(A+B),NeuralConcatFusion,Neural-Concat,3,cpc/speaker; openface/listener; openface/speaker,1,1,0,0,108547,4,8,16807,0.9026018583769956,0.5472616880444275,0.600758898143365,0.5476375675987314,0.8406343772489466,0.9528733048625159,0.8480928247532675,0.8974349927671736,14996,12718,629,2278,0.5228113440197287,0.4774774774774775,0.4991171277221896,888,424,387,464,0.16610041525103814,0.47670639219934996,0.2463605823068309,923,440,2209,483,12718,287,1991,246,424,218,383,100,440,0.5066213952395833,0.09550652683962185,0.30902777777777773,0.6521739130434783,0.5422222222222222,0.47698240226477734,0.12100032161607838,0.0,0.6966810966810967,0.47762994086523497,0.8081156660915095,0.600758898143365,805.6932638044309,909.4635339894153
1600,Standard,cpc_speaker_of_dyad,Speaker Audio + Face Dyad,CPC(A) + OF(A+B),NeuralConcatFusion,Neural-Concat,3,cpc/speaker; openface/listener; openface/speaker,1,1,0,0,108547,4,8,16436,1.462217896467768,0.5577173615978831,0.5186445609131739,0.5015619668747332,0.790260360536562,0.9015064617266957,0.8590061206645293,0.8797432931607031,13724,11789,1288,1935,0.616945107398568,0.29815455594002305,0.40202177293934677,1734,517,321,1217,0.15470051566838555,0.3987730061349693,0.22292083452414974,978,390,2131,588,11789,248,1687,773,517,444,515,73,390,0.4619816482472177,0.07958412246840964,0.31674208144796384,0.610544625035643,0.4786417520594735,0.4381135459378918,0.10185932589738321,0.21052631578947367,0.6938997821350763,0.4361543650260823,0.7724507179362375,0.5186445609131739,805.6932638044309,909.4635339894153
100,Standard,full_dyad,Full Dyad,CPC(A+B) + OF(A+B),NeuralConcatFusion,Neural-Concat,4,cpc/speaker; cpc/listener; openface/speaker; openface/listener,1,1,0,0,174467,8,12,20372,0.39607143348776686,0.5515704218618692,0.7958550989728419,0.6010761572370469,0.9271297057735013,0.9932058235797887,0.9294224501789817,0.9602561271803931,18717,17396,119,1321,0.1548780487804878,0.7650602409638554,0.25760649087221094,166,127,693,39,0.5066273932253313,0.6930826057756884,0.5853658536585367,1489,1032,1005,457,17396,347,974,8,127,31,111,346,1032,0.5622021253869552,0.11195093175793369,0.32407407407407407,0.8863049095607235,0.5807309133630248,0.5434895055854145,0.13341317511080794,0.2857142857142857,0.9314065510597302,0.5551662245874921,0.9108089534655409,0.7958550989728418,935.5965896963562,989.1246468741347
200,Standard,full_dyad,Full Dyad,CPC(A+B) + OF(A+B),NeuralConcatFusion,Neural-Concat,4,cpc/speaker; cpc/listener; openface/speaker; openface/listener,1,1,0,0,174467,8,12,19363,0.42679917216297114,0.597456228044847,0.7877399464482426,0.6592361503868819,0.9276575879232192,0.9897478691065149,0.9348609390834366,0.9615217580126814,17762,16605,172,1157,0.3142857142857143,0.7166123778501629,0.43694141012909626,307,220,480,87,0.4883351007423118,0.7117465224111282,0.579245283018868,1294,921,965,373,16605,259,898,20,220,67,152,221,921,0.6019110612471922,0.13166186249622305,0.3253493013972056,0.8207666181465308,0.6390647583234207,0.5864625929547908,0.15536962724720657,0.2857142857142857,0.8883589471824767,0.6157437390482016,0.9164902132933946,0.7877399464482426,935.5965896963562,989.1246468741347
400,Standard,full_dyad,Full Dyad,CPC(A+B) + OF(A+B),NeuralConcatFusion,Neural-Concat,4,cpc/speaker; cpc/listener; openface/speaker; openface/listener,1,1,0,0,174467,8,12,17998,0.5600142875097006,0.6405335517164173,0.7477448851889378,0.6841407696891763,0.9211334057657219,0.9799514749074192,0.9394625696272265,0.9592799774992968,16337,15348,314,989,0.4795144157814871,0.6396761133603239,0.5481352992194276,494,316,343,178,0.46213476446034585,0.6640959725792631,0.5450070323488045,1167,775,902,392,15348,197,792,68,316,110,246,146,775,0.6268398985466483,0.13877642420090908,0.32634032634032634,0.8877959927140254,0.6598267213862289,0.6065896417232034,0.15651403937421288,0.26666666666666666,1.0,0.6286868025709476,0.913379264362707,0.7477448851889378,935.5965896963562,989.1246468741347
500,Standard,full_dyad,Full Dyad,CPC(A+B) + OF(A+B),NeuralConcatFusion,Neural-Concat,4,cpc/speaker; cpc/listener; openface/speaker; openface/listener,1,1,0,0,174467,8,12,17475,0.6634156564408873,0.6492558826127112,0.7238102284884231,0.6804404849811,0.915954781402964,0.9747235387045814,0.9407878017789072,0.9574550627182207,15740,14808,384,932,0.5157421289355323,0.588034188034188,0.549520766773163,585,344,323,241,0.4573019801980198,0.6426086956521739,0.5343456254519161,1150,739,877,411,14808,189,743,107,344,134,277,134,739,0.6225533576802859,0.13962512512036057,0.32558139534883723,0.8877110325873576,0.65879970781057,0.5997202939910472,0.15819509952009386,0.32075471698113206,1.0,0.6242873118547405,0.9093562231759657,0.7238102284884231,935.5965896963562,989.1246468741347
800,Standard,full_dyad,Full Dyad,CPC(A+B) + OF(A+B),NeuralConcatFusion,Neural-Concat,4,cpc/speaker; cpc/listener; openface/speaker; openface/listener,1,1,0,0,174467,8,12,16807,1.0626427935720193,0.6271398754825102,0.6452342823332834,0.6267973998672501,0.8945734837473496,0.9576022393664232,0.9353160842891438,0.9463279695037614,14996,14026,621,970,0.5845070422535211,0.46734234234234234,0.5193992490613266,888,415,295,473,0.3393103448275862,0.5330444203683641,0.41466498103666255,923,492,958,431,14026,215,755,270,415,203,351,80,492,0.5801905208509317,0.11491625638118273,0.3234042553191489,0.8876678876678876,0.6037970743853096,0.5525636462283753,0.1305234201280485,0.25641025641025644,0.818921892189219,0.560414104973882,0.8884988397691438,0.6452342823332834,935.5965896963562,989.1246468741347
1600,Standard,full_dyad,Full Dyad,CPC(A+B) + OF(A+B),NeuralConcatFusion,Neural-Concat,4,cpc/speaker; cpc/listener; openface/speaker; openface/listener,1,1,0,0,174467,8,12,16436,2.1311868969926757,0.627925133552574,0.5484206654973128,0.5580239422497187,0.8332327349956842,0.9019867549668874,0.9428009326726902,0.9219423563361716,13724,12939,1406,785,0.6839945280437757,0.28835063437139563,0.40567951318458423,1734,500,231,1234,0.2977941176470588,0.41411042944785276,0.34644995722840033,978,405,955,573,12939,175,610,889,500,345,517,56,405,0.5082493895966217,0.10032530229251604,0.31778929188255617,0.775132275132275,0.5223665223665224,0.47957354249713974,0.11527960301531254,0.2222222222222222,0.785971685971686,0.488702147525677,0.8422973959600876,0.5484206654973128,935.5965896963562,989.1246468741347
100,Standard + Self-Attention,cpc_both_attention,Audio Dyad,CPC(A+B),SelfAttentionFusion,Self-Attention,2,cpc/speaker; cpc/listener,1,0,0,0,241283,6,10,20372,0.3552448270433185,0.5802686143547521,0.7904995689842206,0.6376804795642032,0.9361670824088008,0.992206335856462,0.9454506598279638,0.9682643904574304,18717,17696,139,1021,0.22770398481973433,0.7228915662650602,0.3463203463203463,166,120,407,46,0.5208955223880597,0.7031564808596373,0.5984567019148328,1489,1047,963,442,17696,91,930,13,120,33,126,316,1047,0.5909306624228119,0.12038240487796371,0.3250230840258541,0.8532518065591995,0.6125073013682879,0.565063133012807,0.1436170456395642,0.29333333333333333,0.8850129198966408,0.5569662418188694,0.9259277439623012,0.7904995689842206,945.7989422490448,962.7104107611854
200,Standard + Self-Attention,cpc_both_attention,Audio Dyad,CPC(A+B),SelfAttentionFusion,Self-Attention,2,cpc/speaker; cpc/listener,1,0,0,0,241283,6,10,19363,0.3995101276629971,0.6430501767639567,0.7783452359642271,0.6962664323194687,0.9341340352637078,0.9867503077915225,0.9475847314491611,0.9667710158246935,17762,16831,226,931,0.44893617021276594,0.6872964169381107,0.5431145431145431,307,211,259,96,0.4934640522875817,0.7001545595054096,0.5789137380191695,1294,906,930,388,16831,68,863,29,211,67,197,191,906,0.6322125921849898,0.13385347821046603,0.3272357723577236,0.8879198966408269,0.6665890269151139,0.5997719743823865,0.16113077518829153,0.2933333333333333,0.8883589471824767,0.6386193542181244,0.926922481020503,0.7783452359642271,945.7989422490448,962.7104107611854
400,Standard + Self-Attention,cpc_both_attention,Audio Dyad,CPC(A+B),SelfAttentionFusion,Self-Attention,2,cpc/speaker; cpc/listener,1,0,0,0,241283,6,10,17998,0.5647531041513467,0.6927933662605291,0.7280938664340756,0.7046968449364016,0.9262938655396564,0.976117151656087,0.9506641366223909,0.9632225254279335,16337,15531,380,806,0.6355555555555555,0.5789473684210527,0.6059322033898306,494,286,164,208,0.466707391569945,0.6546700942587832,0.5449358059914408,1167,764,873,403,15531,46,760,95,286,113,285,118,764,0.6480262655949445,0.13766468326155978,0.32810867293625917,0.8877959927140254,0.6901845935392261,0.6121236348665093,0.16379938355048523,0.29629629629629634,1.0,0.6530864197530863,0.9212690298922103,0.7280938664340756,945.7989422490448,962.7104107611854
500,Standard + Self-Attention,cpc_both_attention,Audio Dyad,CPC(A+B),SelfAttentionFusion,Self-Attention,2,cpc/speaker; cpc/listener,1,0,0,0,241283,6,10,17475,0.6553398868851417,0.7008486739326824,0.7066058005326554,0.6969425556540969,0.921379338686349,0.9709234555109442,0.9525412960609911,0.9616445385158103,15740,14993,449,747,0.6645299145299145,0.5316239316239316,0.5906932573599241,585,311,157,274,0.4670926517571885,0.6356521739130435,0.5384898710865561,1150,731,834,419,14993,51,696,136,311,138,313,106,731,0.6408259662739003,0.13528517958661093,0.3278327832783278,0.8877110325873576,0.6723158551810237,0.6041210540154373,0.16310208204943502,0.29629629629629634,0.9407407407407408,0.6390548805404963,0.9175965665236051,0.7066058005326554,945.7989422490448,962.7104107611854
800,Standard + Self-Attention,cpc_both_attention,Audio Dyad,CPC(A+B),SelfAttentionFusion,Self-Attention,2,cpc/speaker; cpc/listener,1,0,0,0,241283,6,10,16807,1.0235463432088152,0.6876516221964933,0.628449839515983,0.6342666907275291,0.8996925698267764,0.9531752411575563,0.948853027473993,0.9510092233658601,14996,14229,699,767,0.7635983263598326,0.41103603603603606,0.5344070278184481,888,365,113,523,0.3461812990720914,0.5254604550379198,0.41738382099827886,923,485,916,438,14229,61,706,313,365,210,386,52,485,0.5932453788123747,0.11468916328976009,0.3268817204301075,0.8876678876678876,0.6129753588737707,0.5564492554247557,0.14373500987339202,0.2222222222222222,0.8864908073541167,0.5559558631671971,0.8971856964360088,0.628449839515983,945.7989422490448,962.7104107611854
1600,Standard + Self-Attention,cpc_both_attention,Audio Dyad,CPC(A+B),SelfAttentionFusion,Self-Attention,2,cpc/speaker; cpc/listener,1,0,0,0,241283,6,10,16436,1.9102866955361688,0.665707315799712,0.5256274877797682,0.5388380891287345,0.8286221708184867,0.8950106084456916,0.9528563101136694,0.9230280571731074,13724,13077,1534,647,0.8141414141414142,0.23241061130334487,0.3615971287572903,1734,403,92,1331,0.2879699248120301,0.39161554192229037,0.3318890814558059,978,383,947,595,13077,48,599,983,403,348,551,44,383,0.5006151103649306,0.09678120460415765,0.30357142857142855,0.775132275132275,0.5148407499435282,0.47216031946240167,0.1229239041920365,0.0,0.7833333333333333,0.47840413943355126,0.8434533949866148,0.5256274877797683,945.7989422490448,962.7104107611854
100,Standard + Self-Attention,of_speaker_of_listener_attention,Face Dyad,OF(A+B),SelfAttentionFusion,Self-Attention,2,openface/speaker; openface/listener,0,1,0,0,211459,4,8,20372,0.666104405650263,0.4279690424811633,0.4824551954254041,0.4452211212019397,0.872760807421366,0.953809306569343,0.8936261152962548,0.9227374286265964,18717,16726,810,1991,0.06837606837606838,0.0963855421686747,0.08,166,16,218,150,0.2617217524980784,0.45735392881128273,0.3329259349792227,1489,681,1921,808,16726,160,1831,60,16,90,750,58,681,0.39755356875151,0.07135996506732523,0.3007335970985822,0.661498708010336,0.3896103896103896,0.38301306604981095,0.09217228425853562,0.06060606060606061,0.8183908045977012,0.352512933202231,0.8552424896917338,0.4824551954254041,615.4464139915647,650.2413182988269
200,Standard + Self-Attention,of_speaker_of_listener_attention,Face Dyad,OF(A+B),SelfAttentionFusion,Self-Attention,2,openface/speaker; openface/listener,0,1,0,0,211459,4,8,19363,0.7128491203042802,0.4335260810644283,0.46972404863980505,0.44044285695218005,0.8682398255111071,0.951245742964689,0.8963517621889426,0.9229832748775326,17762,15921,816,1841,0.11926605504587157,0.08469055374592833,0.09904761904761905,307,26,192,281,0.23006644518272426,0.4281298299845441,0.2992976769313885,1294,554,1854,740,15921,145,1696,123,26,158,693,47,554,0.3919984286088353,0.06896779125133247,0.3052749719416386,0.5602551828910727,0.3854567274909309,0.3768350370237833,0.08927510803707885,0.09682539682539681,0.6720848595848596,0.344100981116763,0.852192325569385,0.46972404863980505,615.4464139915647,650.2413182988269
400,Standard + Self-Attention,of_speaker_of_listener_attention,Face Dyad,OF(A+B),SelfAttentionFusion,Self-Attention,2,openface/speaker; openface/listener,0,1,0,0,211459,4,8,17998,0.790894436646149,0.45101544869309484,0.4597598759342734,0.43677797343586006,0.8580614117201926,0.9439102564102564,0.9013282732447818,0.9221279393806556,16337,14725,875,1612,0.19689119170984457,0.07692307692307693,0.11062590975254732,494,38,155,456,0.21224489795918366,0.40102827763496146,0.2775800711743772,1167,468,1737,699,14725,115,1497,216,38,240,659,40,468,0.3919175677192232,0.06302512914755355,0.28792912513842744,0.5221773831943324,0.39319963116643614,0.37589729082803436,0.08469007439367571,0.14652014652014653,0.631544568385087,0.3423961374923338,0.8462606956328481,0.45975987593427337,615.4464139915647,650.2413182988269
500,Standard + Self-Attention,of_speaker_of_listener_attention,Face Dyad,OF(A+B),SelfAttentionFusion,Self-Attention,2,openface/speaker; openface/listener,0,1,0,0,211459,4,8,17475,0.8270251144517815,0.4609089208542953,0.45712205539949863,0.43550027765845534,0.8509454449936982,0.9385895404120443,0.9030495552731893,0.920476622199197,15740,14214,930,1526,0.23204419889502761,0.07179487179487179,0.10966057441253264,585,42,139,543,0.21209302325581394,0.39652173913043476,0.27636363636363637,1150,456,1694,694,14214,105,1421,270,42,273,660,34,456,0.3954848469920706,0.06687616350822258,0.28896473265073946,0.5812008978675646,0.39840736593256193,0.37789747915343413,0.08480544794880979,0.14017094017094017,0.6377777777777777,0.34129865188084363,0.8418884120171674,0.45712205539949863,615.4464139915647,650.2413182988269
800,Standard + Self-Attention,of_speaker_of_listener_attention,Face Dyad,OF(A+B),SelfAttentionFusion,Self-Attention,2,openface/speaker; openface/listener,0,1,0,0,211459,4,8,16807,0.9885543848552971,0.4631560124355086,0.42789095119810544,0.40658255702996815,0.8320194226840385,0.9261262494865123,0.9020405441451054,0.9139247348152152,14996,13527,1079,1469,0.31843575418994413,0.06418918918918919,0.10684161199625117,888,57,122,831,0.14490603363006924,0.3174431202600217,0.19898132427843804,923,293,1729,630,13527,100,1369,471,57,360,608,22,293,0.3755230162347774,0.05792336697455444,0.28974358974358977,0.5494949494949495,0.3608605135322693,0.3574740945141248,0.08200600862839233,0.07407407407407407,0.6427350427350428,0.3333333333333333,0.825667876480038,0.42789095119810544,615.4464139915647,650.2413182988269
1600,Standard + Self-Attention,of_speaker_of_listener_attention,Face Dyad,OF(A+B),SelfAttentionFusion,Self-Attention,2,openface/speaker; openface/listener,0,1,0,0,211459,4,8,16436,1.34043703630048,0.4733249374372428,0.3998288390064681,0.3772044286877203,0.7605543028555781,0.8715724678231673,0.9078985718449432,0.8893647394718058,13724,12460,1836,1264,0.42441860465116277,0.04209919261822376,0.07660020986358866,1734,73,99,1661,0.12398373983739837,0.24948875255623723,0.16564833672776644,978,244,1724,734,12460,84,1180,1117,73,544,719,15,244,0.35197261242557437,0.051240069375628854,0.20833333333333334,0.4919202153244706,0.3464003329171868,0.3299020398199497,0.08818173889524546,0.0,0.5765765765765766,0.3275944943659963,0.7773789243124848,0.3998288390064681,615.4464139915647,650.2413182988269
100,Standard + Self-Attention,cpc_speaker_of_listener_attention,Speaker Audio + Listener Face,CPC(A) + OF(B),SelfAttentionFusion,Self-Attention,2,cpc/speaker; openface/listener,1,1,0,0,226371,7,11,20372,0.5955565590875898,0.4361571059773129,0.664309655395363,0.4616283201869535,0.8259936745669139,0.9810126582278481,0.7867179569375434,0.8731876538085214,18717,14725,285,3992,0.1279373368146214,0.5903614457831325,0.21030042918454936,166,98,668,68,0.1995213228894691,0.615849563465413,0.30139687756778966,1489,917,3679,572,14725,371,3621,10,98,58,275,297,917,0.4257091090493076,0.0936566640289317,0.28188195294183577,0.6656119224042099,0.4190772882361667,0.41001123957879687,0.12037713220793866,0.0,0.8537234042553191,0.3882234990407879,0.772629098763008,0.664309655395363,760.0594866503276,877.2115472626112
200,Standard + Self-Attention,cpc_speaker_of_listener_attention,Speaker Audio + Listener Face,CPC(A) + OF(B),SelfAttentionFusion,Self-Attention,2,cpc/speaker; openface/listener,1,1,0,0,226371,7,11,19363,0.6128623519403127,0.47744657589374423,0.6666765188560541,0.5101004592672498,0.828733148845364,0.9785371952490102,0.7931539241076455,0.8761466463509436,17762,14088,309,3674,0.26666666666666666,0.5863192182410424,0.36659877800407337,307,180,495,127,0.18713586576555583,0.6205564142194745,0.28755595344673235,1294,803,3488,491,14088,292,3382,21,180,106,288,203,803,0.4643434667723117,0.10125993282294567,0.2837602037746445,0.6439759918020788,0.47860086540477687,0.44270002689729226,0.1283530190464697,0.0,0.7501122334455669,0.4190824111876744,0.7783401332438156,0.6666765188560541,760.0594866503276,877.2115472626112
400,Standard + Self-Attention,cpc_speaker_of_listener_attention,Speaker Audio + Listener Face,CPC(A) + OF(B),SelfAttentionFusion,Self-Attention,2,cpc/speaker; openface/listener,1,1,0,0,226371,7,11,17998,0.6750037283688893,0.5172038711440321,0.6458934249114544,0.5371956429151199,0.8276305287611607,0.9728341768383447,0.8000856950480504,0.8780438652470359,16337,13071,365,3266,0.3966565349544073,0.52834008097166,0.453125,494,261,397,233,0.18212090163934427,0.609254498714653,0.2804180634983238,1167,711,3193,456,13071,250,3016,56,261,177,309,147,711,0.4850544711151807,0.10338346838398797,0.2830820770519263,0.6641156462585035,0.5071225071225071,0.45937807262467845,0.13177604214581076,0.0,0.7266331847337434,0.4602129315860839,0.7802533614846094,0.6458934249114545,760.0594866503276,877.2115472626112
500,Standard + Self-Attention,cpc_speaker_of_listener_attention,Speaker Audio + Listener Face,CPC(A) + OF(B),SelfAttentionFusion,Self-Attention,2,cpc/speaker; openface/listener,1,1,0,0,226371,7,11,17475,0.7169234831283703,0.5255195520220001,0.6324204404818735,0.5389658957512375,0.8249496481123598,0.9688888888888889,0.8033036848792884,0.8783605418548106,15740,12644,406,3096,0.42419825072886297,0.49743589743589745,0.45790715971675844,585,291,395,294,0.1834715164482482,0.5965217391304348,0.2806299856821436,1150,686,3053,464,12644,256,2840,81,291,213,325,139,686,0.48511831797206584,0.10291669778559515,0.2864450127877238,0.6623376623376623,0.505469882694082,0.4599559702355842,0.13001933248085507,0.0,0.7126842192415963,0.4640062016016215,0.7794563662374822,0.6324204404818735,760.0594866503276,877.2115472626112
800,Standard + Self-Attention,cpc_speaker_of_listener_attention,Speaker Audio + Listener Face,CPC(A) + OF(B),SelfAttentionFusion,Self-Attention,2,cpc/speaker; openface/listener,1,1,0,0,226371,7,11,16807,0.9040105700840407,0.5330021392896042,0.5837996815548576,0.5166981984275133,0.8155618163934522,0.9577565632458234,0.8028140837556682,0.873467314808097,14996,12039,531,2957,0.5006784260515604,0.4155405405405405,0.45415384615384613,888,369,368,519,0.14057142857142857,0.5330444203683641,0.2224734343205969,923,492,3008,431,12039,286,2671,182,369,337,349,82,492,0.47076035530795574,0.0938368039199438,0.2841225626740947,0.6683004290534867,0.47364864864864864,0.44531423356183286,0.12350893799435948,0.0,0.7377501725327812,0.43320413436692506,0.7675373356339621,0.5837996815548575,760.0594866503276,877.2115472626112
1600,Standard + Self-Attention,cpc_speaker_of_listener_attention,Speaker Audio + Listener Face,CPC(A) + OF(B),SelfAttentionFusion,Self-Attention,2,cpc/speaker; openface/listener,1,1,0,0,226371,7,11,16436,1.3951965958899057,0.5406635958754568,0.49884164994042596,0.46976616757061157,0.7663465144473068,0.9076373670968265,0.8148498979889245,0.8587444807064695,13724,11183,1138,2541,0.5910290237467019,0.25836216839677045,0.3595505617977528,1734,448,310,1286,0.12332439678284182,0.4233128834355828,0.19100346020761247,978,414,2943,564,11183,251,2290,633,448,653,505,59,414,0.4299102318986246,0.07753638626556014,0.29457364341085274,0.5832356068424179,0.42889484526400207,0.4049850235452557,0.10692658743731003,0.0,0.6608187134502924,0.3943109285260757,0.7328425407641762,0.49884164994042596,760.0594866503276,877.2115472626112
100,Standard + Self-Attention,cpc_speaker_of_dyad_attention,Speaker Audio + Face Dyad,CPC(A) + OF(A+B),SelfAttentionFusion,Self-Attention,3,cpc/speaker; openface/listener; openface/speaker,1,1,0,0,331971,3,7,20372,0.6125416484277936,0.43903744879797335,0.6362192296986484,0.47075301241983025,0.8465973068775535,0.9712374163696618,0.8298872682588022,0.8950158455776435,18717,15533,460,3184,0.12875536480686695,0.5421686746987951,0.20809248554913293,166,90,609,76,0.2171195652173913,0.5366017461383479,0.3091507061327143,1489,799,2881,690,15533,351,2833,28,90,48,432,258,799,0.43450951372083124,0.08799085980087319,0.2996031746031746,0.6815718157181573,0.4337343620885859,0.4150003302256535,0.10798041323366699,0.11764705882352942,0.8295019157088123,0.404400283209059,0.8061064205772629,0.6362192296986484,748.9443198442215,822.2292240790994
200,Standard + Self-Attention,cpc_speaker_of_dyad_attention,Speaker Audio + Face Dyad,CPC(A) + OF(A+B),SelfAttentionFusion,Self-Attention,3,cpc/speaker; openface/listener; openface/speaker,1,1,0,0,331971,3,7,19363,0.6422867271276734,0.4786740346264444,0.6362561090615394,0.5151732836142442,0.8482836969604921,0.9690357982754115,0.8351536989077807,0.8971273057151498,17762,14834,474,2928,0.26366559485530544,0.5342019543973942,0.3530678148546824,307,164,458,143,0.20332071074861638,0.5394126738794436,0.29532473027290035,1294,698,2735,596,14834,282,2646,54,164,89,420,176,698,0.4692952080033729,0.09971056257977005,0.31329588014981274,0.7171717171717171,0.49440450735232,0.4466303007427277,0.11710836690161255,0.125,0.6981981981981983,0.44210550349790856,0.8106181893301658,0.6362561090615395,748.9443198442215,822.2292240790994
400,Standard + Self-Attention,cpc_speaker_of_dyad_attention,Speaker Audio + Face Dyad,CPC(A) + OF(A+B),SelfAttentionFusion,Self-Attention,3,cpc/speaker; openface/listener; openface/speaker,1,1,0,0,331971,3,7,17998,0.7000522852997102,0.5146108800219378,0.610727234576948,0.5355743014974271,0.8442134298612501,0.9618940879798262,0.8405459998775785,0.8971352039983013,16337,13732,544,2605,0.39080459770114945,0.4817813765182186,0.43155031731640986,494,238,371,256,0.19113395438483777,0.5098543273350471,0.2780373831775701,1167,595,2518,572,13732,239,2366,104,238,152,440,132,595,0.48406623336765425,0.10611000531282921,0.2961165048543689,0.7167034584253127,0.5118840151627037,0.45716858981274244,0.1223048344129885,0.07407407407407407,0.6997503121098627,0.46811833711449824,0.8092565840648961,0.6107272345769481,748.9443198442215,822.2292240790994
500,Standard + Self-Attention,cpc_speaker_of_dyad_attention,Speaker Audio + Face Dyad,CPC(A) + OF(A+B),SelfAttentionFusion,Self-Attention,3,cpc/speaker; openface/listener; openface/speaker,1,1,0,0,331971,3,7,17475,0.7363425174044267,0.5223483966080873,0.5957253656320006,0.5350828178195812,0.8400527182085878,0.957350075773977,0.8428208386277001,0.8964422069804372,15740,13266,591,2474,0.4194577352472089,0.4495726495726496,0.433993399339934,585,263,364,322,0.1902373788030759,0.49478260869565216,0.2748128471383724,1150,569,2422,581,13266,239,2235,135,263,187,456,125,569,0.4806588493391467,0.1019856827159764,0.2986798679867987,0.6634304207119741,0.5100561293630737,0.4537394520918523,0.1261905171416218,0.0,0.6992340992340993,0.4645770757233067,0.8067525035765379,0.5957253656320006,748.9443198442215,822.2292240790994
800,Standard + Self-Attention,cpc_speaker_of_dyad_attention,Speaker Audio + Face Dyad,CPC(A) + OF(A+B),SelfAttentionFusion,Self-Attention,3,cpc/speaker; openface/listener; openface/speaker,1,1,0,0,331971,3,7,16807,0.9148389081647269,0.5267290354495179,0.5408815218717578,0.5062462076774127,0.8272076344400975,0.9442613125561882,0.8404907975460123,0.8893593000282247,14996,12604,744,2392,0.5,0.36936936936936937,0.42487046632124353,888,328,328,560,0.13592579379236533,0.41278439869989164,0.20450885668276975,923,381,2422,542,12604,261,2131,269,328,291,475,67,381,0.4616569788311789,0.08462847123013931,0.2954954954954955,0.6363636363636364,0.47946520290628875,0.43465624997276414,0.11520556675398018,0.0,0.6613756613756614,0.4420361241013415,0.7921104301779021,0.5408815218717578,748.9443198442215,822.2292240790994
1600,Standard + Self-Attention,cpc_speaker_of_dyad_attention,Speaker Audio + Face Dyad,CPC(A) + OF(A+B),SelfAttentionFusion,Self-Attention,3,cpc/speaker; openface/listener; openface/speaker,1,1,0,0,331971,3,7,16436,1.3730585849790655,0.5285451732004742,0.46685212723131747,0.45585638417496516,0.7713342682343374,0.8921006347021488,0.8500437190323521,0.87056453117421,13724,11666,1411,2058,0.5745937961595273,0.2243367935409458,0.3226876814599751,1734,389,288,1345,0.11894108873974646,0.3261758691206544,0.17431693989071037,978,319,2363,659,11666,233,1825,807,389,538,604,55,319,0.41495009784828407,0.06793219524282557,0.299963924963925,0.5319413106025334,0.4166666666666667,0.39102787137686706,0.0949227204976071,0.0,0.6608187134502924,0.38446487076811064,0.752859576539304,0.46685212723131747,748.9443198442215,822.2292240790994
100,Standard + Self-Attention,full_dyad_attention,Full Dyad,CPC(A+B) + OF(A+B),SelfAttentionFusion,Self-Attention,4,cpc/speaker; cpc/listener; openface/speaker; openface/listener,1,1,0,0,452483,5,9,20372,0.3530674940496303,0.5774819011618662,0.7759267993587794,0.6279652814416125,0.9372374478034717,0.9910369166993446,0.9451835230004808,0.9675672719317435,18717,17691,160,1026,0.18394648829431437,0.6626506024096386,0.2879581151832461,166,110,488,56,0.5574622984919396,0.7199462726662189,0.6283704572098476,1489,1072,851,417,17691,220,806,11,110,45,149,268,1072,0.5804153009811701,0.12637482193774854,0.32407407407407407,1.0,0.5994216310005783,0.5587607599456673,0.14430735295696354,0.30434782608695654,1.0,0.5550215902853517,0.9264186137836246,0.7759267993587794,929.1072279956613,951.2269688161434
200,Standard + Self-Attention,full_dyad_attention,Full Dyad,CPC(A+B) + OF(A+B),SelfAttentionFusion,Self-Attention,4,cpc/speaker; cpc/listener; openface/speaker; openface/listener,1,1,0,0,452483,5,9,19363,0.3966119130172479,0.6211031287589819,0.7583254376600563,0.6729537795837305,0.9339885000319715,0.986120871398454,0.9480351311789212,0.9667030254319995,17762,16839,237,923,0.35634328358208955,0.6221498371335505,0.4531435349940688,307,191,345,116,0.520845231296402,0.7047913446676971,0.5990147783251232,1294,912,839,382,16839,173,750,27,191,89,210,172,912,0.6127558033585824,0.1412166410012718,0.3253493013972056,1.0,0.6577266922094509,0.5848172432817553,0.1562950865382199,0.32,1.0,0.6042763246765563,0.9266126116820741,0.7583254376600563,929.1072279956613,951.2269688161434
400,Standard + Self-Attention,full_dyad_attention,Full Dyad,CPC(A+B) + OF(A+B),SelfAttentionFusion,Self-Attention,4,cpc/speaker; cpc/listener; openface/speaker; openface/listener,1,1,0,0,452483,5,9,17998,0.53709406215842,0.6658899605764356,0.718973630102762,0.6883340016245042,0.9260116921793096,0.9762637362637363,0.9516435086001102,0.963796416837146,16337,15547,378,790,0.5322896281800391,0.5506072874493927,0.5412935323383085,494,272,239,222,0.48911651728553135,0.6546700942587832,0.5599120556980579,1167,764,798,403,15547,130,660,84,272,138,294,109,764,0.6270687022583166,0.14120389056287574,0.32483474976392823,0.8428851797835755,0.6667613035394191,0.5955601775599736,0.15924685073289718,0.3137254901960784,0.93003300330033,0.6087671976126807,0.9213801533503723,0.718973630102762,929.1072279956613,951.2269688161434
500,Standard + Self-Attention,full_dyad_attention,Full Dyad,CPC(A+B) + OF(A+B),SelfAttentionFusion,Self-Attention,4,cpc/speaker; cpc/listener; openface/speaker; openface/listener,1,1,0,0,452483,5,9,17475,0.6084347966277122,0.6735265307189177,0.6981660376384425,0.6821322610093121,0.9203812885759496,0.970871901093922,0.9529224904701398,0.9618134598736734,15740,14999,450,741,0.5643939393939394,0.5094017094017094,0.5354896675651393,585,298,230,287,0.48531375166889185,0.6321739130434783,0.5490936555891238,1150,727,771,423,14999,133,608,124,298,163,326,97,727,0.6210060428299474,0.14555250719463317,0.3235867446393762,0.8883190883190882,0.6652641421224871,0.5905526643437041,0.16458736066499313,0.3137254901960784,0.9407407407407408,0.6018198209870544,0.916967095851216,0.6981660376384425,929.1072279956613,951.2269688161434
800,Standard + Self-Attention,full_dyad_attention,Full Dyad,CPC(A+B) + OF(A+B),SelfAttentionFusion,Self-Attention,4,cpc/speaker; cpc/listener; openface/speaker; openface/listener,1,1,0,0,452483,5,9,16807,0.9346211437299292,0.6516928892298318,0.619581418406645,0.6209106818029924,0.897518142141435,0.95316896690339,0.9487196585756201,0.9509391083483725,14996,14227,699,769,0.6483516483516484,0.39864864864864863,0.49372384937238495,888,354,192,534,0.3535580524344569,0.5113759479956663,0.41806908768821965,923,472,863,451,14227,135,634,305,354,229,394,57,472,0.5753785298721396,0.1228804800842593,0.3206256109481916,0.8876678876678876,0.5813911472448058,0.5424388349601269,0.14404238975275382,0.25641025641025644,0.8864908073541167,0.5476707287052114,0.8956387219610876,0.619581418406645,929.1072279956613,951.2269688161434
1600,Standard + Self-Attention,full_dyad_attention,Full Dyad,CPC(A+B) + OF(A+B),SelfAttentionFusion,Self-Attention,4,cpc/speaker; cpc/listener; openface/speaker; openface/listener,1,1,0,0,452483,5,9,16436,1.720795826056696,0.6357691089198194,0.5260819525810962,0.5389711738720931,0.8289740360096782,0.8963013698630137,0.9535120955989508,0.924022030786612,13724,13086,1514,638,0.7085514834205934,0.23414071510957324,0.35197225834416995,1734,406,167,1328,0.30245447347585114,0.39059304703476483,0.34091923248549755,978,382,881,596,13086,119,519,966,406,362,548,48,382,0.49490065559327523,0.09408750012942944,0.30357142857142855,0.7182381584772023,0.5049180923322799,0.46731554534884473,0.123231415562411,0.0,0.828798185941043,0.47490585426631937,0.84412265758092,0.5260819525810962,929.1072279956613,951.2269688161434
100,Standard + Cross-Attention,cpc_speaker_of_listener_cross_attention,Speaker Audio + Listener Face,CPC(A) + OF(B),CrossAttentionFusion,Cross-Attention,2,cpc/speaker; openface/listener,1,1,0,0,59971,2,6,20372,0.5566176934646478,0.47345387494620556,0.6755206238220012,0.5151829956963709,0.8848915204775827,0.9697057126370456,0.8978468771704867,0.9323938191805142,18717,16805,525,1912,0.15767045454545456,0.6686746987951807,0.25517241379310346,166,111,593,55,0.29298545765611633,0.4600402955003358,0.3579827541154952,1489,685,1653,804,16805,288,1624,26,111,29,499,305,685,0.4772717696636949,0.11288577040802933,0.30340988169798194,0.8814814814814814,0.49474865615216496,0.4563582609563154,0.1301613214856405,0.15384615384615383,0.8798798798798799,0.44118217271187354,0.86397997251129,0.6755206238220012,808.2922928879573,841.495716542237
200,Standard + Cross-Attention,cpc_speaker_of_listener_cross_attention,Speaker Audio + Listener Face,CPC(A) + OF(B),CrossAttentionFusion,Cross-Attention,2,cpc/speaker; openface/listener,1,1,0,0,59971,2,6,19363,0.5877011022799604,0.5126951354480809,0.6556560879976177,0.558425909363596,0.8859143186384626,0.9670303176420951,0.9032766580340051,0.9340668937210724,17762,16044,547,1718,0.2984126984126984,0.6123778501628665,0.4012806830309498,307,188,442,119,0.2726423902894491,0.45131375579598143,0.33993015133876603,1294,584,1558,710,16044,227,1491,52,188,67,495,215,584,0.5114326848028502,0.1182634557353974,0.3048869438366156,0.8814814814814814,0.5483057111002543,0.48717259076068453,0.13620966621121433,0.2740740740740741,0.8798798798798799,0.48228608780196436,0.8684604658369054,0.6556560879976178,808.2922928879573,841.495716542237
400,Standard + Cross-Attention,cpc_speaker_of_listener_cross_attention,Speaker Audio + Listener Face,CPC(A) + OF(B),CrossAttentionFusion,Cross-Attention,2,cpc/speaker; openface/listener,1,1,0,0,59971,2,6,17998,0.6696576603209857,0.5562535373751111,0.6228833006289168,0.5812967256627976,0.881481218277367,0.9588687286110932,0.9089796168207137,0.9332579185520362,16337,14850,637,1487,0.45017182130584193,0.5303643724696356,0.4869888475836432,494,262,320,232,0.25972006220839816,0.42930591259640105,0.3236434108527132,1167,501,1428,666,14850,177,1310,114,262,118,523,143,501,0.5338748439217276,0.12050489762295266,0.30829420970266036,0.7267973856209151,0.556367771280052,0.5063512641227492,0.14111670821734076,0.28124999999999994,0.8343596059113301,0.5183828653311364,0.8674852761417935,0.6228833006289167,808.2922928879573,841.495716542237
500,Standard + Cross-Attention,cpc_speaker_of_listener_cross_attention,Speaker Audio + Listener Face,CPC(A) + OF(B),CrossAttentionFusion,Cross-Attention,2,cpc/speaker; openface/listener,1,1,0,0,59971,2,6,17475,0.7273169066312487,0.5676903940361903,0.608498856763041,0.5815805762583061,0.8769472386450613,0.9541339368925575,0.9106099110546378,0.9318639880371887,15740,14333,689,1407,0.4890016920473773,0.49401709401709404,0.4914965986394558,585,289,302,296,0.25993555316863587,0.42086956521739133,0.32138114209827356,1150,484,1378,666,14333,170,1237,155,289,141,534,132,484,0.5287271272593976,0.11547264134462625,0.30929487179487175,0.7175925925925926,0.550392044367948,0.5024018384936164,0.1377507746636728,0.2782608695652174,0.8278580304442373,0.5199918289475918,0.8644349070100144,0.608498856763041,808.2922928879573,841.495716542237
800,Standard + Cross-Attention,cpc_speaker_of_listener_cross_attention,Speaker Audio + Listener Face,CPC(A) + OF(B),CrossAttentionFusion,Cross-Attention,2,cpc/speaker; openface/listener,1,1,0,0,59971,2,6,16807,0.95975754425943,0.5647988733603265,0.551028889507883,0.5453957930248642,0.8638772652433417,0.9417489129684589,0.9099093091491064,0.9255553671358318,14996,13645,844,1351,0.5645933014354066,0.39864864864864863,0.46732673267326735,888,354,273,534,0.18805440567711412,0.3445287107258938,0.24330527926549347,923,318,1373,605,13645,194,1157,318,354,216,526,79,318,0.501621653360507,0.10009716865683962,0.3062117235345582,0.6979836979836981,0.50311986863711,0.47696504482134583,0.12039234399415379,0.2222222222222222,0.7633298933608531,0.4851280965288758,0.8518474445171654,0.551028889507883,808.2922928879573,841.495716542237
1600,Standard + Cross-Attention,cpc_speaker_of_listener_cross_attention,Speaker Audio + Listener Face,CPC(A) + OF(B),CrossAttentionFusion,Cross-Attention,2,cpc/speaker; openface/listener,1,1,0,0,59971,2,6,16436,1.5848714389119105,0.5689153962574321,0.4779327911880324,0.48822736608460815,0.8046287061967774,0.8893353069711708,0.9193383853104051,0.9040879939808678,13724,12617,1570,1107,0.6523076923076923,0.24452133794694347,0.3557046979865771,1734,424,226,1310,0.1651031894934334,0.26993865030674846,0.2048894062863795,978,264,1335,714,12617,170,937,912,424,398,658,56,264,0.44663767190970266,0.07943249644135197,0.30357142857142855,0.6745570050348526,0.4511927181418707,0.4234795819922517,0.10630143834139463,0.0,0.7111111111111111,0.4151234567901235,0.8095035288391336,0.4779327911880324,808.2922928879573,841.495716542237
100,Standard + Cross-Attention,cpc_speaker_of_listener_self_cross_attention,Speaker Audio + Listener Face,CPC(A) + OF(B),SelfCrossAttentionFusion,Self+Cross-Attention,2,cpc/speaker; openface/listener,1,1,0,0,259907,2,6,20372,0.5642600143421569,0.46733117377862077,0.6658216211914588,0.5074739255430144,0.8808400577921676,0.9721180880974696,0.8866805577816957,0.9274358042974098,18717,16596,476,2121,0.13950276243093923,0.608433734939759,0.22696629213483147,166,101,623,65,0.29037267080745344,0.5023505708529215,0.368019680196802,1489,748,1828,741,16596,336,1785,22,101,43,454,287,748,0.4731952066640276,0.11015480076002437,0.3112391930835735,0.7564430790237243,0.46357216519488326,0.45714408805047824,0.12575689576547877,0.20833333333333334,0.8345299145299147,0.43036502745297156,0.8563224032986452,0.6658216211914587,789.2581050099463,834.9117343331982
200,Standard + Cross-Attention,cpc_speaker_of_listener_self_cross_attention,Speaker Audio + Listener Face,CPC(A) + OF(B),SelfCrossAttentionFusion,Self+Cross-Attention,2,cpc/speaker; openface/listener,1,1,0,0,259907,2,6,19363,0.5941230980274889,0.5018246156388997,0.6516347454681775,0.5469567997295187,0.8801396093752425,0.9686524214779894,0.8907217655669407,0.9280539668573105,17762,15821,512,1941,0.2714723926380368,0.5765472312703583,0.3691345151199166,307,177,475,130,0.26534903280067285,0.48763523956723337,0.34368191721132896,1294,631,1747,663,15821,270,1671,54,177,76,458,205,631,0.4997242174219328,0.10621624739348268,0.32225579053373615,0.6920758259993239,0.5112456063725795,0.4814251236095017,0.1284523130710954,0.281946945945345,0.7813797681347351,0.4788210009874285,0.8588028714558694,0.6516347454681776,789.2581050099463,834.9117343331982
400,Standard + Cross-Attention,cpc_speaker_of_listener_self_cross_attention,Speaker Audio + Listener Face,CPC(A) + OF(B),SelfCrossAttentionFusion,Self+Cross-Attention,2,cpc/speaker; openface/listener,1,1,0,0,259907,2,6,17998,0.6764560880853356,0.5333120771199084,0.6159706908169722,0.5624133305473534,0.8738419144997068,0.9595515930247804,0.8959417273673257,0.9266563261688455,16337,14637,617,1700,0.3946540880503145,0.5080971659919028,0.4442477876106194,494,251,385,243,0.24573055028462998,0.4438731790916881,0.3163358778625954,1167,518,1590,649,14637,238,1462,115,251,128,502,147,518,0.5105123730566109,0.1068153782267505,0.3116279069767442,0.6954648526077097,0.5224539335760785,0.4893736851717541,0.13067369407061388,0.28247162673392184,0.7976169818960033,0.49253888579041954,0.8559839982220246,0.6159706908169722,789.2581050099463,834.9117343331982
500,Standard + Cross-Attention,cpc_speaker_of_listener_self_cross_attention,Speaker Audio + Listener Face,CPC(A) + OF(B),SelfCrossAttentionFusion,Self+Cross-Attention,2,cpc/speaker; openface/listener,1,1,0,0,259907,2,6,17475,0.7391733257333949,0.541908766773077,0.6020337089244885,0.5628135736041595,0.8691354240605121,0.9545454545454546,0.8979034307496824,0.9253584757415046,15740,14133,673,1607,0.425531914893617,0.47863247863247865,0.4505229283990346,585,280,378,305,0.24564893088015913,0.4295652173913043,0.31255931667193926,1150,494,1517,656,14133,238,1369,157,280,148,516,140,494,0.5041643619135452,0.10173495794473156,0.3126984126984127,0.6673817937068821,0.5099953910559133,0.4841394509245491,0.12777450342960098,0.2619047619047619,0.792032703164898,0.4917417417417418,0.8530472103004292,0.6020337089244884,789.2581050099463,834.9117343331982
800,Standard + Cross-Attention,cpc_speaker_of_listener_self_cross_attention,Speaker Audio + Listener Face,CPC(A) + OF(B),SelfCrossAttentionFusion,Self+Cross-Attention,2,cpc/speaker; openface/listener,1,1,0,0,259907,2,6,16807,0.9539232440224124,0.5377821623949594,0.5438329896213501,0.529431825298483,0.8551038102374049,0.9415516153900063,0.895905574819952,0.9181616265163164,14996,13435,834,1561,0.502127659574468,0.39864864864864863,0.4444444444444444,888,354,351,534,0.1696672122204037,0.3369447453954496,0.22568940493468795,923,311,1522,612,13435,260,1301,313,354,221,521,91,311,0.48405726982785313,0.08762423338887942,0.30902777777777773,0.6666666666666666,0.4999532518855876,0.4608581397715641,0.11454610120814958,0.1818181818181818,0.7151437151437152,0.46739454091553145,0.8389361575534003,0.5438329896213502,789.2581050099463,834.9117343331982
1600,Standard + Cross-Attention,cpc_speaker_of_listener_self_cross_attention,Speaker Audio + Listener Face,CPC(A) + OF(B),SelfCrossAttentionFusion,Self+Cross-Attention,2,cpc/speaker; openface/listener,1,1,0,0,259907,2,6,16436,1.588370401627117,0.5472213188792776,0.4799123793855316,0.4843216763906682,0.7981542328324737,0.88830167118983,0.9062955406587001,0.8972083964509847,13724,12438,1564,1286,0.5886426592797784,0.24509803921568626,0.34609120521172637,1734,425,297,1309,0.1647196261682243,0.2883435582822086,0.20966542750929368,978,282,1430,696,12438,233,1053,932,425,377,632,64,282,0.4408396779794699,0.06976645291338275,0.30357142857142855,0.5951091148314506,0.4546611721611722,0.4166474037040087,0.10219709957329173,0.0,0.6547619047619048,0.4088111703879339,0.7997688001946945,0.4799123793855317,789.2581050099463,834.9117343331982
400,Coordination,cpc_speaker_plus_coordination,Speaker Audio + WCC-Summary,CPC(A) + Coord_sum(A),NeuralConcatFusion,Neural-Concat,2,cpc/speaker; coordination_openface/speaker,1,0,1,0,86595,1,5,17998,0.7302374990715135,0.5607009550736551,0.567768239852926,0.5533619415664076,0.8782653529564703,0.9528832630098453,0.9123462079941238,0.93217423934457,16337,14905,737,1432,0.4715447154471545,0.3522267206477733,0.40324449594438005,494,174,195,320,0.25767488676396577,0.4387317909168809,0.3246670894102727,1167,512,1475,655,14905,125,1307,152,174,168,585,70,512,0.49968127954874986,0.10660075470145655,0.3137254901960784,0.732656756241662,0.49729729729729727,0.4779952157834544,0.12666105146083506,0.1904761904761905,0.8029759800703596,0.4748471659268627,0.8662629181020113,0.5677682398529259,,
400,Coordination,openface_with_coord_neural_concat,Speaker Face + WCC-Summary,OF(A) + Coord_sum(A),NeuralConcatFusion,Neural-Concat,2,openface/speaker; coordination_openface/speaker,0,1,1,0,41859,8,12,17998,0.8879722425978454,0.3941761960362474,0.4508711531895225,0.39969303425393465,0.80303005293368,0.9386428571428571,0.8043704474505723,0.8663348386458779,16337,13141,859,3196,0.10678391959798995,0.1720647773279352,0.1317829457364341,494,85,711,409,0.13710181136789507,0.37617823479005996,0.2009613183794919,1167,439,2763,728,13141,622,2574,220,85,189,639,89,439,0.3748370384191997,0.060140564989168144,0.2505518417391122,0.531508087409217,0.3614559741479313,0.3553394512972381,0.08165006758082469,0.15555555555555556,0.5825396825396826,0.34421889823226426,0.759251027891988,0.4508711531895225,,
400,Coordination,openface_BOTH_with_coord_neural_concat,Face Dyad + WCC-Summary,OF(A+B) + Coord_sum(A),NeuralConcatFusion,Neural-Concat,3,openface/speaker; openface/listener; coordination_openface/speaker,0,1,1,0,63043,6,10,17998,0.7678670754650193,0.4624664483332521,0.5702224742739177,0.47662256494318384,0.8249230693959728,0.9680046965583033,0.8074309848809451,0.8804565478574289,16337,13191,436,3146,0.2324159021406728,0.3076923076923077,0.264808362369338,494,152,502,342,0.1869787463007802,0.5955441302485004,0.2846027846027846,1167,695,3022,472,13191,376,2770,90,152,252,346,126,695,0.44251485919729927,0.08923264015089287,0.27949626845463116,0.6121212121212122,0.4428306301944646,0.4213460795103681,0.11702935468294731,0.0,0.747008547008547,0.40161659967562235,0.7799755528392044,0.5702224742739177,,
400,Coordination,cpc_speaker_of_listener_coord,Speaker Audio + Listener Face + WCC-Summary,CPC(A) + OF(B) + Coord_sum(A),NeuralConcatFusion,Neural-Concat,3,cpc/speaker; openface/listener; coordination_openface/speaker,1,1,1,0,107779,8,12,17998,0.676151217854888,0.5103003623067682,0.6740673312723394,0.5545763705760024,0.8579149748131275,0.9722512723976853,0.8535838893309665,0.9090612777053455,16337,13945,398,2392,0.3281086729362591,0.6356275303643725,0.4328049620951068,494,314,643,180,0.23054114158636027,0.5329905741216795,0.32186287192755497,1167,622,2076,545,13945,433,1959,63,314,117,335,210,622,0.5115296695733113,0.11320918584081867,0.30444444444444446,0.706544901065449,0.5324283559577677,0.4924397124088674,0.13609546170721135,0.0,0.7947684578418523,0.4986988505507024,0.8268140904544949,0.6740673312723394,,
400,Coordination,cpc_speaker_both_faces_coord,Speaker Audio + Face Dyad + WCC-Summary,CPC(A) + OF(A+B) + Coord_sum(A),NeuralConcatFusion,Neural-Concat,4,cpc/speaker; openface/speaker; openface/listener; coordination_openface/speaker,1,1,1,0,128963,1,5,17998,0.6820139973471464,0.5337830700137184,0.6236428869977229,0.5588551791598414,0.8601398425501763,0.9606448553816975,0.8680908367509335,0.9120257234726689,16337,14182,581,2155,0.4228187919463087,0.5101214574898786,0.4623853211009174,494,252,344,242,0.21788556271314893,0.49271636675235647,0.302154492905938,1167,575,2064,592,14182,214,1941,119,252,123,462,130,575,0.5071340047682116,0.10454260487050238,0.28013149508570667,0.6760634920634921,0.5288081082378435,0.4896458905214469,0.1319224268918919,0.12121212121212122,0.8162972085385879,0.5026572685273083,0.8339259917768641,0.6236428869977229,,
400,Coordination,full_dyad_plus_coordination,Full Dyad + WCC-Summary,CPC(A+B) + OF(A+B) + Coord_sum(A),NeuralConcatFusion,Neural-Concat,5,cpc/speaker; cpc/listener; openface/speaker; openface/listener; coordination_openface/speaker,1,1,1,0,194883,9,13,17998,0.6333635722188993,0.6263412186865578,0.7417180486284648,0.669012030072572,0.9126721604840555,0.9817390174161684,0.9247107792128297,0.9523719464144995,16337,15107,281,1230,0.4900990099009901,0.6012145748987854,0.5399999999999999,494,297,309,197,0.40718562874251496,0.699228791773779,0.5146641438032168,1167,816,1188,351,15107,182,1048,57,297,140,224,127,816,0.6091534325583473,0.1265310427370026,0.32059447983014866,0.8410702341137123,0.6420122887864824,0.5806315786641312,0.1502575895330431,0.26666666666666666,0.8859903381642512,0.6162400261773516,0.901211245693966,0.7417180486284648,,
100,Coordination + Self-Attention,cpc_speaker_coord_self_attention,Speaker Audio + WCC-Continuous,CPC(A) + Coord_cont(A),SelfAttentionFusion,Self-Attention,2,cpc/speaker; coordination_openface_continuous/speaker,1,0,0,1,226371,3,7,17473,0.6116082450053132,0.4601042100764789,0.6030491748129416,0.49849193806754816,0.893464649667436,0.9656024448923857,0.9107635694572217,0.9373816437318521,16305,14850,529,1455,0.18763326226012794,0.5301204819277109,0.27716535433070866,166,88,381,78,0.22707692307692307,0.36826347305389223,0.28092881614008375,1002,369,1256,633,14850,238,1217,39,88,39,490,143,369,0.4597205468617775,0.09979479812165698,0.3067484662576687,0.6774866159481544,0.4721417069243156,0.43805319559065575,0.12516478627599786,0.16666666666666666,0.8865578865578865,0.405224137397835,0.8760373147141304,0.6030491748129416,776.3311736078341,792.5382667810211
200,Coordination + Self-Attention,cpc_speaker_coord_self_attention,Speaker Audio + WCC-Continuous,CPC(A) + Coord_cont(A),SelfAttentionFusion,Self-Attention,2,cpc/speaker; coordination_openface_continuous/speaker,1,0,0,1,226371,3,7,17323,0.6511538775693336,0.5005659981405363,0.5966148084631087,0.535010297306606,0.8890434654834489,0.9614777806994478,0.9124711460477883,0.9363336640952593,16029,14626,586,1403,0.3185483870967742,0.5146579804560261,0.3935242839352428,307,158,338,149,0.221671826625387,0.36271529888551163,0.2751729438893159,987,358,1257,629,14626,223,1180,72,158,77,514,115,358,0.4911553416381276,0.10678658825875267,0.30416666666666664,0.6966174094886965,0.5186617556783303,0.46706118748424047,0.1324672527593919,0.16666666666666666,0.7932885906040269,0.46125295373767206,0.8740980199734457,0.5966148084631087,776.3311736078341,792.5382667810211
400,Coordination + Self-Attention,cpc_speaker_coord_self_attention,Speaker Audio + WCC-Continuous,CPC(A) + Coord_cont(A),SelfAttentionFusion,Self-Attention,2,cpc/speaker; coordination_openface_continuous/speaker,1,0,0,1,226371,3,7,17998,0.734982383086928,0.5247860850901399,0.5717264915739894,0.5439506134268185,0.8750511744908825,0.9496311371152378,0.913998898206525,0.931474376968903,16337,14932,792,1405,0.39145299145299145,0.46356275303643724,0.4244670991658943,494,229,356,265,0.23327412670219064,0.337617823479006,0.2759103641456582,1167,394,1295,773,14932,226,1179,149,229,116,643,130,394,0.4981214689206628,0.10371010068539095,0.3138528138528139,0.6774866159481544,0.5105577399155381,0.4722989820689634,0.12165194355453929,0.16666666666666666,0.7661215424994952,0.48686136729614987,0.864262695855095,0.5717264915739894,776.3311736078341,792.5382667810211
500,Coordination + Self-Attention,cpc_speaker_coord_self_attention,Speaker Audio + WCC-Continuous,CPC(A) + Coord_cont(A),SelfAttentionFusion,Self-Attention,2,cpc/speaker; coordination_openface_continuous/speaker,1,0,0,1,226371,3,7,16946,0.7538312047484295,0.5362582271950868,0.5672250665081027,0.5486017769903483,0.8733256378741994,0.9469599838045752,0.9159323803929248,0.9311877903118779,15321,14033,786,1288,0.4283121597096189,0.4521072796934866,0.439888164026095,522,236,315,286,0.233502538071066,0.33363553943789664,0.27472937663307206,1103,368,1208,735,14033,205,1083,161,236,125,625,110,368,0.4991261316682145,0.10349286807949386,0.31250000000000006,0.6761298149833181,0.510822510822511,0.47105185719759807,0.1278618557970989,0.0,0.7575757575757577,0.48719336219336223,0.8637436563200755,0.5672250665081027,776.3311736078341,792.5382667810211
800,Coordination + Self-Attention,cpc_speaker_coord_self_attention,Speaker Audio + WCC-Continuous,CPC(A) + Coord_cont(A),SelfAttentionFusion,Self-Attention,2,cpc/speaker; coordination_openface_continuous/speaker,1,0,0,1,226371,3,7,15064,0.8743688664535101,0.5456188066467867,0.5297896702328361,0.5296229527895581,0.8693935789193356,0.9422218861075399,0.9156316601749099,0.9287364890048452,13607,12459,764,1148,0.5243128964059197,0.389937106918239,0.44724977457168624,636,248,225,388,0.1703216374269006,0.2838002436053593,0.21288259479214255,821,233,1135,588,12459,171,977,230,248,158,534,54,233,0.48264297994632865,0.10022844003369248,0.3101343101343101,0.6624649859943977,0.49752649003481414,0.4574980457139966,0.12030608777259337,0.0,0.7511536082964655,0.4607244607244607,0.8590015932023367,0.5297896702328361,776.3311736078341,792.5382667810211
1600,Coordination + Self-Attention,cpc_speaker_coord_self_attention,Speaker Audio + WCC-Continuous,CPC(A) + Coord_cont(A),SelfAttentionFusion,Self-Attention,2,cpc/speaker; coordination_openface_continuous/speaker,1,0,0,1,226371,3,7,14046,1.4242058644373838,0.5486176579863088,0.4557632027628223,0.47137365165529116,0.8120208635617105,0.8935928629359287,0.9209294550317619,0.907055239976949,11964,11018,1312,946,0.6,0.22413793103448276,0.3263598326359832,1218,273,182,945,0.1522601110229976,0.2222222222222222,0.18070588235294116,864,192,1069,672,11018,141,805,681,273,264,631,41,192,0.42971033303742756,0.07410184208162233,0.30769230769230776,0.5914311524067621,0.4291519849659385,0.40479825980363193,0.09849897058850968,0.0,0.7217487373737373,0.39447188449848025,0.8175281218852343,0.4557632027628224,776.3311736078341,792.5382667810211
100,Coordination + Self-Attention,cpc_speaker_cpc_listener_coord_self_attention,Audio Dyad + WCC-Continuous,CPC(A+B) + Coord_cont(A),SelfAttentionFusion,Self-Attention,3,cpc/speaker; cpc/listener; coordination_openface_continuous/speaker,1,0,0,1,346883,9,13,17473,0.36234812577016445,0.6247037266591056,0.8190789331288174,0.689649573610334,0.9499192392562888,0.9921214816697376,0.9576816927322908,0.9745974285357634,16305,15615,124,690,0.336,0.7590361445783133,0.4658040665434381,166,126,249,40,0.5459896983075792,0.7405189620758483,0.6285472257518001,1002,742,617,260,15615,106,584,7,126,33,117,143,742,0.6250138850005834,0.15383605463146927,0.3244837758112095,0.9516515577784723,0.6603887946044831,0.5852039750357085,0.16985602228297267,0.30303030303030304,1.0,0.5735897566356527,0.943341154924741,0.8190789331288174,979.8464261643185,980.4873381833498
200,Coordination + Self-Attention,cpc_speaker_cpc_listener_coord_self_attention,Audio Dyad + WCC-Continuous,CPC(A+B) + Coord_cont(A),SelfAttentionFusion,Self-Attention,3,cpc/speaker; cpc/listener; coordination_openface_continuous/speaker,1,0,0,1,346883,9,13,17323,0.4010419610906905,0.6774678493727911,0.7857792237344162,0.7230094318569251,0.9456859195806747,0.9875425415783728,0.959448499594485,0.973292829567749,16029,15379,194,650,0.5174129353233831,0.6775244299674267,0.5867418899858956,307,208,194,99,0.5274480712166172,0.7203647416413373,0.6089935760171307,987,711,637,276,15379,91,559,21,208,78,173,103,711,0.6460266334344881,0.15207251011041117,0.32539682539682535,0.9214214214214215,0.7032001590141125,0.6085497714074127,0.17352943527686993,0.31578947368421056,1.0,0.6348996747474299,0.9408301102580384,0.7857792237344162,979.8464261643185,980.4873381833498
400,Coordination + Self-Attention,cpc_speaker_cpc_listener_coord_self_attention,Audio Dyad + WCC-Continuous,CPC(A+B) + Coord_cont(A),SelfAttentionFusion,Self-Attention,3,cpc/speaker; cpc/listener; coordination_openface_continuous/speaker,1,0,0,1,346883,9,13,17998,0.5240553736343941,0.6927865676795205,0.7178780561144827,0.7034539586991632,0.9318563150574305,0.9754144160923822,0.9616820713717329,0.9684995684872395,16337,15711,396,626,0.5810526315789474,0.5587044534412956,0.5696594427244582,494,276,199,218,0.5218926553672316,0.6332476435304198,0.5722028648857918,1167,739,677,428,15711,87,539,80,276,138,316,112,739,0.6426433800348927,0.15079298672403263,0.32483474976392823,1.0,0.6694167957763485,0.6043429204484428,0.1590975022591301,0.29629629629629634,0.9322884012539184,0.6298947609242735,0.9293254806089566,0.7178780561144827,979.8464261643185,980.4873381833498
500,Coordination + Self-Attention,cpc_speaker_cpc_listener_coord_self_attention,Audio Dyad + WCC-Continuous,CPC(A+B) + Coord_cont(A),SelfAttentionFusion,Self-Attention,3,cpc/speaker; cpc/listener; coordination_openface_continuous/speaker,1,0,0,1,346883,9,13,16946,0.5509029284970799,0.7055933410760827,0.709393385617041,0.7050267717971906,0.9298401196219878,0.9725828774797337,0.9631877814764049,0.9678625303338361,15321,14757,416,564,0.6233480176211453,0.5421455938697318,0.5799180327868853,522,283,171,239,0.5208491281273692,0.6228467815049864,0.5672997522708505,1103,687,632,416,14757,81,483,90,283,149,326,90,687,0.6448028657333806,0.1516371040485772,0.3241590214067278,1.0,0.682285792088476,0.6037307851904454,0.16526236003724584,0.29629629629629634,0.9498556998556998,0.6370789058258779,0.9280656202053582,0.709393385617041,979.8464261643185,980.4873381833498
800,Coordination + Self-Attention,cpc_speaker_cpc_listener_coord_self_attention,Audio Dyad + WCC-Continuous,CPC(A+B) + Coord_cont(A),SelfAttentionFusion,Self-Attention,3,cpc/speaker; cpc/listener; coordination_openface_continuous/speaker,1,0,0,1,346883,9,13,15064,0.72226852587307,0.6984455773644872,0.6481623704483036,0.6610995185651782,0.9172274000537411,0.9616289326668627,0.9614169177629162,0.9615229135276175,13607,13082,522,525,0.7308641975308642,0.46540880503144655,0.5686839577329491,636,296,109,340,0.4028436018957346,0.5176613885505481,0.453091684434968,821,425,630,396,13082,67,458,168,296,172,354,42,425,0.6052132474144589,0.14543458872510887,0.3238770685579196,1.0,0.6302526186075169,0.5622785955843662,0.16192207403028772,0.24999999999999997,1.0,0.5709801720317653,0.9162904938927243,0.6481623704483036,979.8464261643185,980.4873381833498
1600,Coordination + Self-Attention,cpc_speaker_cpc_listener_coord_self_attention,Audio Dyad + WCC-Continuous,CPC(A+B) + Coord_cont(A),SelfAttentionFusion,Self-Attention,3,cpc/speaker; cpc/listener; coordination_openface_continuous/speaker,1,0,0,1,346883,9,13,14046,1.391318714378499,0.6883355371415627,0.5390420466989975,0.5669608733252559,0.8560394899333018,0.9114332991884012,0.9668171180207289,0.9383086595011154,11964,11567,1124,397,0.8025316455696202,0.2602627257799672,0.3930564166150031,1218,317,78,901,0.35104166666666664,0.3900462962962963,0.3695175438596491,864,337,623,527,11567,47,350,628,317,273,496,31,337,0.5186059528007637,0.12212476623247981,0.3259259259259259,1.0,0.5206589706589707,0.4805654941790206,0.13768357704368786,0.0,0.8263888888888888,0.4905483405483406,0.8700697707532393,0.5390420466989975,979.8464261643185,980.4873381833498
100,Coordination + Self-Attention,cpc_speaker_of_speaker_coord_self_attention,Speaker Audio + Speaker Face + WCC-Continuous,CPC(A) + OF(A) + Coord_cont(A),SelfAttentionFusion,Self-Attention,3,cpc/speaker; openface/speaker; coordination_openface_continuous/speaker,1,1,0,1,331971,2,6,17473,0.6572722819352514,0.4633658478520899,0.5691809126967983,0.4926447863854054,0.9021053230203876,0.9612760581174984,0.9332720024532352,0.9470670608370934,16305,15217,613,1088,0.1729490022172949,0.46987951807228917,0.25283630470016205,166,78,373,88,0.2558724832214765,0.30439121756487025,0.2780309936189608,1002,305,887,697,15217,242,846,47,78,41,566,131,305,0.4463300042255572,0.09509132620066715,0.3,0.6666666666666666,0.4501272891516794,0.4243046161149542,0.11819380500623676,0.09523809523809523,0.7777777777777777,0.3972598039836667,0.8928060436101414,0.5691809126967982,757.1190198724471,756.065111082848
200,Coordination + Self-Attention,cpc_speaker_of_speaker_coord_self_attention,Speaker Audio + Speaker Face + WCC-Continuous,CPC(A) + OF(A) + Coord_cont(A),SelfAttentionFusion,Self-Attention,3,cpc/speaker; openface/speaker; coordination_openface_continuous/speaker,1,1,0,1,331971,2,6,17323,0.6830472575422868,0.5011615680166713,0.5682935103824605,0.527351013379129,0.8967701905133463,0.9568437180796732,0.9350552124274752,0.9458239989903132,16029,14988,676,1041,0.3045267489711934,0.4820846905537459,0.373266078184111,307,148,338,159,0.2421142369991475,0.2877406281661601,0.26296296296296295,987,284,889,703,14988,231,810,80,148,79,596,107,284,0.47592195814961197,0.0992269027081345,0.2995780590717299,0.6666666666666666,0.48914728682170544,0.44906680885610817,0.12551884413143113,0.2619047619047619,0.8419419419419419,0.4329093166673352,0.8901460486058996,0.5682935103824603,757.1190198724471,756.065111082848
400,Coordination + Self-Attention,cpc_speaker_of_speaker_coord_self_attention,Speaker Audio + Speaker Face + WCC-Continuous,CPC(A) + OF(A) + Coord_cont(A),SelfAttentionFusion,Self-Attention,3,cpc/speaker; openface/speaker; coordination_openface_continuous/speaker,1,1,0,1,331971,2,6,17998,0.741968135576617,0.5240571068283498,0.5499208922600292,0.5357967642141498,0.8819049827325361,0.9449388209121246,0.9359735569566016,0.9404348227190259,16337,15291,891,1046,0.367003367003367,0.44129554655870445,0.400735294117647,494,218,376,276,0.2602291325695581,0.27249357326478146,0.26622017580577645,1167,318,904,849,15291,252,794,166,218,110,725,124,318,0.48956291516913697,0.09394907598032463,0.31272727272727274,0.7159610415424368,0.5102732793522268,0.46488403673431233,0.12834360384547672,0.28169014084507044,0.8514043226525695,0.47809775341668637,0.8793754861651295,0.5499208922600292,757.1190198724471,756.065111082848
500,Coordination + Self-Attention,cpc_speaker_of_speaker_coord_self_attention,Speaker Audio + Speaker Face + WCC-Continuous,CPC(A) + OF(A) + Coord_cont(A),SelfAttentionFusion,Self-Attention,3,cpc/speaker; openface/speaker; coordination_openface_continuous/speaker,1,1,0,1,331971,2,6,16946,0.7550671936843664,0.5338648468637048,0.5448307833280914,0.5391598299426641,0.8792624615727767,0.9418711455189608,0.9370145551856929,0.9394365736347872,15321,14356,886,965,0.4014336917562724,0.42911877394636017,0.4148148148148148,522,224,334,298,0.2582897033158813,0.26835902085222124,0.26322810137839037,1103,296,850,807,14356,228,737,185,224,113,701,106,296,0.49084391047025555,0.09567141489299483,0.3116531165311653,0.6844647851512841,0.506439393939394,0.4617160838245468,0.12472824900095093,0.2795698924731183,0.8710826210826211,0.46116270555669836,0.8778472795940044,0.5448307833280914,757.1190198724471,756.065111082848
800,Coordination + Self-Attention,cpc_speaker_of_speaker_coord_self_attention,Speaker Audio + Speaker Face + WCC-Continuous,CPC(A) + OF(A) + Coord_cont(A),SelfAttentionFusion,Self-Attention,3,cpc/speaker; openface/speaker; coordination_openface_continuous/speaker,1,1,0,1,331971,2,6,15064,0.825804914295895,0.526940035562926,0.5031123697222304,0.5126475029840721,0.8735887837939125,0.9364986035572541,0.9364297787903285,0.9364641899092345,13607,12742,864,865,0.47,0.3694968553459119,0.41373239436619713,636,235,265,401,0.174321503131524,0.20341047503045068,0.1877459246767847,821,167,791,654,12742,210,655,265,235,136,599,55,167,0.4706588471385411,0.09053723648247732,0.31,0.6666666666666666,0.47209334045361756,0.44336914642084124,0.11855294667393038,0.24999999999999997,0.916213610950453,0.44176369607404087,0.8725438130642592,0.5031123697222303,757.1190198724471,756.065111082848
1600,Coordination + Self-Attention,cpc_speaker_of_speaker_coord_self_attention,Speaker Audio + Speaker Face + WCC-Continuous,CPC(A) + OF(A) + Coord_cont(A),SelfAttentionFusion,Self-Attention,3,cpc/speaker; openface/speaker; coordination_openface_continuous/speaker,1,1,0,1,331971,2,6,14046,1.176852046091825,0.53289610698233,0.43548986259697414,0.4580663032110313,0.8144475081602954,0.8869736324281778,0.941909060514878,0.9136162795411245,11964,11269,1436,695,0.5662393162393162,0.2175697865353038,0.3143534994068802,1218,265,203,953,0.145475372279496,0.14699074074074073,0.14622913068508925,864,127,746,737,11269,159,536,743,265,210,693,44,127,0.4203469111819812,0.07146056456139846,0.30256410256410254,0.5838422800814315,0.4159697868896681,0.39510989235940547,0.09997397744192528,0.0,0.746031746031746,0.390400290742952,0.8302007689021785,0.43548986259697414,757.1190198724471,756.065111082848
100,Coordination + Self-Attention,openface_coord_self_attention,Face Dyad + WCC-Continuous,OF(A+B) + Coord_cont(A),SelfAttentionFusion,Self-Attention,3,openface/speaker; openface/listener; coordination_openface_continuous/speaker,0,1,0,1,317059,5,9,17473,0.7158851152647205,0.39270389650451487,0.5328685140516527,0.39904970185568595,0.8293521430728911,0.9737238367715706,0.7931922723091076,0.8742353060465745,16305,12933,349,3372,0.061269146608315096,0.3373493975903614,0.1037037037037037,166,56,858,110,0.14311870613365885,0.468063872255489,0.21921009581677964,1002,469,2808,533,12933,630,2742,44,56,66,305,228,469,0.3786761295831929,0.06539864899668582,0.25859247135842883,0.6569468267581475,0.37516492594559514,0.36314699954447777,0.09753167290946749,0.0,0.8865578865578865,0.347117563327376,0.770216906083672,0.5328685140516527,646.2564477587995,738.0150285407947
200,Coordination + Self-Attention,openface_coord_self_attention,Face Dyad + WCC-Continuous,OF(A+B) + Coord_cont(A),SelfAttentionFusion,Self-Attention,3,openface/speaker; openface/listener; coordination_openface_continuous/speaker,0,1,0,1,317059,5,9,17323,0.7657020052682374,0.4053381701558349,0.5253392232433326,0.41617137144164545,0.8234797392136854,0.9693582725060828,0.7953708902614012,0.8737877385970323,16029,12749,403,3280,0.10845986984815618,0.3257328990228013,0.16273393002441008,307,100,822,207,0.13819636811326563,0.45491388044579534,0.21199244570349388,987,449,2800,538,12749,608,2672,79,100,128,324,214,449,0.3862340702454097,0.07340915384455439,0.2648372281850245,0.6564277588168372,0.37982243744955607,0.3664642507284448,0.09284880935067881,0.0,0.7264239028944912,0.35301617962148946,0.7676499451596144,0.5253392232433326,646.2564477587995,738.0150285407947
400,Coordination + Self-Attention,openface_coord_self_attention,Face Dyad + WCC-Continuous,OF(A+B) + Coord_cont(A),SelfAttentionFusion,Self-Attention,3,openface/speaker; openface/listener; coordination_openface_continuous/speaker,0,1,0,1,317059,5,9,17998,0.8286640492197221,0.42346320535604626,0.5191990818611529,0.4368258662270206,0.8132299475393081,0.9597418787123267,0.8011262777743772,0.8732901848268498,16337,13088,549,3249,0.15714285714285714,0.3117408906882591,0.208955223880597,494,154,826,340,0.15350488021295475,0.44473007712082263,0.22823218997361477,1167,519,2862,648,13088,588,2661,139,154,201,410,238,519,0.3996504933471149,0.08243605762952132,0.255663430420712,0.6900662251655629,0.3921979807518714,0.3773951369411531,0.09848942583388284,0.0,0.7202240896358543,0.3597176149993051,0.7645849538837649,0.519199081861153,646.2564477587995,738.0150285407947
500,Coordination + Self-Attention,openface_coord_self_attention,Face Dyad + WCC-Continuous,OF(A+B) + Coord_cont(A),SelfAttentionFusion,Self-Attention,3,openface/speaker; openface/listener; coordination_openface_continuous/speaker,0,1,0,1,317059,5,9,16946,0.8431298411344111,0.42910521056767,0.5182261569825372,0.44197257216590263,0.8114307534041743,0.9572829131652661,0.8030154689641669,0.8733894153977213,15321,12303,549,3018,0.17582417582417584,0.3065134099616858,0.223463687150838,522,160,750,362,0.15420854271356785,0.44514959202175886,0.2290646139491486,1103,491,2693,612,12303,536,2482,151,160,211,398,214,491,0.40100261045263524,0.08415302929407859,0.2546948356807512,0.6915808371917226,0.39387727210605444,0.3782290553203901,0.1043980900672383,0.0,0.7600170502983802,0.3576932549531134,0.7644281836421575,0.5182261569825372,646.2564477587995,738.0150285407947
800,Coordination + Self-Attention,openface_coord_self_attention,Face Dyad + WCC-Continuous,OF(A+B) + Coord_cont(A),SelfAttentionFusion,Self-Attention,3,openface/speaker; openface/listener; coordination_openface_continuous/speaker,0,1,0,1,317059,5,9,15064,0.9216968377600055,0.4346797120430416,0.49592721492913805,0.4369794098849397,0.8069028529048364,0.9498391723898113,0.8029690600426251,0.8702508960573477,13607,10926,577,2681,0.23735408560311283,0.28773584905660377,0.26012793176972276,636,183,588,453,0.11684587813620072,0.39707673568818513,0.18055940182774854,821,326,2464,495,10926,464,2217,206,183,247,371,124,326,0.3966845817872403,0.08077461099907148,0.25081221572449647,0.6568047337278107,0.3870789341377577,0.36930414783761395,0.10104769249484756,0.0,0.6739009759154805,0.34260474166164706,0.7590945300053107,0.49592721492913805,646.2564477587995,738.0150285407947
1600,Coordination + Self-Attention,openface_coord_self_attention,Face Dyad + WCC-Continuous,OF(A+B) + Coord_cont(A),SelfAttentionFusion,Self-Attention,3,openface/speaker; openface/listener; coordination_openface_continuous/speaker,0,1,0,1,317059,5,9,14046,1.3117814693829621,0.4519280836933179,0.44571414366251466,0.42405296786454466,0.7602345017108896,0.9031537817471392,0.8114343029087262,0.8548408400475499,11964,9708,1041,2256,0.34449093444909346,0.20279146141215107,0.2552971576227391,1218,247,470,971,0.10813953488372093,0.3229166666666667,0.16202090592334498,864,279,2301,585,9708,366,1890,560,247,411,481,104,279,0.3796334134790333,0.07151203381639434,0.24242424242424243,0.579080003648969,0.36908827920866,0.35257254837530116,0.09651263101445984,0.0,0.6957346690953248,0.3311398497157011,0.7286060088281361,0.44571414366251466,646.2564477587995,738.0150285407947
100,Coordination + Self-Attention,cpc_speaker_of_listener_coord_self_attention,Speaker Audio + Listener Face + WCC-Continuous,CPC(A) + OF(B) + Coord_cont(A),SelfAttentionFusion,Self-Attention,3,cpc/speaker; openface/listener; coordination_openface_continuous/speaker,1,1,0,1,331971,3,7,17473,0.6068772252557179,0.45596113032129887,0.6423875878735061,0.4784450083183312,0.8312558265176819,0.9825993224514937,0.7827046918123275,0.8713344485030553,16305,12762,226,3543,0.21902017291066284,0.4578313253012048,0.2962962962962963,166,76,271,90,0.16626389560173996,0.6866267465069861,0.267704280155642,1002,688,3450,314,12762,171,3372,12,76,78,214,100,688,0.4333899716556209,0.10245220335640533,0.27423167848699764,0.6623162845385068,0.43427873476093,0.41001232532500853,0.1296333882216712,0.0,0.7777777777777777,0.3762770562770562,0.774108624735306,0.6423875878735061,747.8331479223839,854.210569713912
200,Coordination + Self-Attention,cpc_speaker_of_listener_coord_self_attention,Speaker Audio + Listener Face + WCC-Continuous,CPC(A) + OF(B) + Coord_cont(A),SelfAttentionFusion,Self-Attention,3,cpc/speaker; openface/listener; coordination_openface_continuous/speaker,1,1,0,1,331971,3,7,17323,0.6382668004474719,0.5059027741276788,0.6453949653705012,0.5172851797790806,0.8295316987300948,0.9799253034547152,0.7857009170877784,0.8721304663965929,16029,12594,258,3435,0.3717277486910995,0.46254071661237783,0.41219158200290273,307,142,240,165,0.1660552702372218,0.6879432624113475,0.26753349093774625,987,679,3410,308,12594,162,3273,28,142,137,230,78,679,0.4639149192746645,0.11299880773818753,0.28768303186907834,0.6645435244161358,0.46024151287309184,0.43844252448350485,0.13700681065745382,0.0,0.7579365079365079,0.4110639808220453,0.774403971598453,0.6453949653705012,747.8331479223839,854.210569713912
400,Coordination + Self-Attention,cpc_speaker_of_listener_coord_self_attention,Speaker Audio + Listener Face + WCC-Continuous,CPC(A) + OF(B) + Coord_cont(A),SelfAttentionFusion,Self-Attention,3,cpc/speaker; openface/listener; coordination_openface_continuous/speaker,1,1,0,1,331971,3,7,17998,0.6946315375456931,0.5316872751177537,0.6241137498463046,0.5299201970067281,0.8205643626442495,0.9710734463276837,0.7890677602987084,0.8706605430230988,16337,12891,384,3446,0.44467640918580376,0.4311740890688259,0.43782117163412126,494,213,266,281,0.1793119698397738,0.6520994001713796,0.2812788763629643,1167,761,3483,406,12891,181,3265,63,213,218,321,85,761,0.4808881562061239,0.10764541515570003,0.30066170388751035,0.6630602782071097,0.4812150279776179,0.45236559495403805,0.1352361260033352,0.0,0.763111888111888,0.4506041412291412,0.7703633737081897,0.6241137498463046,747.8331479223839,854.210569713912
500,Coordination + Self-Attention,cpc_speaker_of_listener_coord_self_attention,Speaker Audio + Listener Face + WCC-Continuous,CPC(A) + OF(B) + Coord_cont(A),SelfAttentionFusion,Self-Attention,3,cpc/speaker; openface/listener; coordination_openface_continuous/speaker,1,1,0,1,331971,3,7,16946,0.7104342442067866,0.5421546891041157,0.6197878625587304,0.533176708642445,0.8206394905066426,0.9692737430167597,0.7927028261862803,0.8721410362285016,15321,12145,385,3176,0.4758771929824561,0.4157088122605364,0.44376278118609414,522,217,239,305,0.18131313131313131,0.6509519492293744,0.28362630851273946,1103,718,3242,385,12145,168,3008,71,217,234,314,71,718,0.48526340789632844,0.11245012132328477,0.30184581976112923,0.6793728793728794,0.4955384306388017,0.4541888512695613,0.13902656832361168,0.0,0.7925456538595225,0.44060883739161194,0.771863566623392,0.6197878625587303,747.8331479223839,854.210569713912
800,Coordination + Self-Attention,cpc_speaker_of_listener_coord_self_attention,Speaker Audio + Listener Face + WCC-Continuous,CPC(A) + OF(B) + Coord_cont(A),SelfAttentionFusion,Self-Attention,3,cpc/speaker; openface/listener; coordination_openface_continuous/speaker,1,1,0,1,331971,3,7,15064,0.7995241185293132,0.5506097865765931,0.5715447000089892,0.507719898044646,0.8151873077221685,0.9603273438889878,0.7934151539648711,0.8689283270956577,13607,10796,446,2811,0.5560975609756098,0.3584905660377358,0.43594646271510523,636,228,182,408,0.1354044548651817,0.5627283800243605,0.21828490432317507,821,462,2950,359,10796,147,2664,122,228,286,324,35,462,0.4657575117119277,0.10103868670114544,0.3018867924528302,0.6596045197740112,0.4605009899127546,0.43050873172743875,0.12467141022615079,0.0,0.7417529330572808,0.4192303787094874,0.7624800849707913,0.5715447000089892,747.8331479223839,854.210569713912
1600,Coordination + Self-Attention,cpc_speaker_of_listener_coord_self_attention,Speaker Audio + Listener Face + WCC-Continuous,CPC(A) + OF(B) + Coord_cont(A),SelfAttentionFusion,Self-Attention,3,cpc/speaker; openface/listener; coordination_openface_continuous/speaker,1,1,0,1,331971,3,7,14046,1.2055085291936156,0.560774839180954,0.4833943138025644,0.4523720133388791,0.7688928101605473,0.9154568744662681,0.8064192577733199,0.857485668577523,11964,9648,891,2316,0.6449086161879896,0.20279146141215107,0.30855715178013743,1218,247,136,971,0.12195902688860435,0.4409722222222222,0.19107321965897692,864,381,2743,483,9648,110,2206,434,247,537,457,26,381,0.4218458920607727,0.08651381236670853,0.2904761904761905,0.7388888888888889,0.4071824861298546,0.3916809834582507,0.10285776313742732,0.14814814814814817,0.6944444444444443,0.37252753426279567,0.7315961839669657,0.4833943138025643,747.8331479223839,854.210569713912
100,Coordination + Self-Attention,full_dyad_plus_coordination_self_attention,Full Dyad + WCC-Continuous,CPC(A+B) + OF(A+B) + Coord_cont(A),SelfAttentionFusion,Self-Attention,5,cpc/speaker; cpc/listener; openface/speaker; openface/listener; coordination_openface_continuous/speaker,1,1,0,1,558083,7,11,17473,0.33847395794532553,0.6221447656810956,0.8098834832007805,0.688144726382192,0.9467795741065211,0.9917687595712098,0.9532658693652254,0.9721362229102167,16305,15543,129,762,0.36036036036036034,0.7228915662650602,0.48096192384769537,166,120,213,46,0.5143051771117166,0.7534930139720559,0.6113360323886641,1002,755,713,247,15543,85,677,10,120,36,119,128,755,0.6254777544363463,0.15299990015014592,0.3254901960784314,0.9111111111111111,0.6631707187880714,0.5847418879493493,0.17646144198620448,0.30303030303030304,1.0,0.5753510274879019,0.9396211297430321,0.8098834832007805,977.5745000677271,981.3110498466287
200,Coordination + Self-Attention,full_dyad_plus_coordination_self_attention,Full Dyad + WCC-Continuous,CPC(A+B) + OF(A+B) + Coord_cont(A),SelfAttentionFusion,Self-Attention,5,cpc/speaker; cpc/listener; openface/speaker; openface/listener; coordination_openface_continuous/speaker,1,1,0,1,558083,7,11,17323,0.39780419375963566,0.6782305520014558,0.779310688086759,0.7197900388580796,0.9425628846565678,0.9871662582226235,0.9549566410880279,0.9707943554780403,16029,15307,199,722,0.5509641873278237,0.6514657980456026,0.5970149253731343,307,200,163,107,0.4965612104539202,0.7315096251266464,0.5915608357230643,987,722,732,265,15307,73,649,24,200,83,175,90,722,0.6415874974151827,0.14976583292225895,0.3264094955489614,0.9003174603174604,0.6684458398744114,0.6037351238311707,0.17333331947653427,0.2962962962962963,0.9506172839506174,0.6462701744729604,0.9368469664607747,0.779310688086759,977.5745000677271,981.3110498466287
400,Coordination + Self-Attention,full_dyad_plus_coordination_self_attention,Full Dyad + WCC-Continuous,CPC(A+B) + OF(A+B) + Coord_cont(A),SelfAttentionFusion,Self-Attention,5,cpc/speaker; cpc/listener; openface/speaker; openface/listener; coordination_openface_continuous/speaker,1,1,0,1,558083,7,11,17998,0.5533654654222832,0.6995433355309686,0.7215051374603033,0.7065341815405884,0.9305400116745803,0.9758713136729222,0.958070637203893,0.9668890536199654,16337,15652,387,685,0.6204545454545455,0.5526315789473685,0.5845824411134904,494,273,167,221,0.5023041474654378,0.6538131962296486,0.5681310498883098,1167,763,756,404,15652,70,615,80,273,141,307,97,763,0.6396453512428855,0.14986837698237693,0.3258003766478343,1.0,0.6741452991452991,0.6033036725882863,0.16222819578609363,0.27450980392156865,0.9628647214854111,0.6447571378989685,0.9272141349038782,0.7215051374603033,977.5745000677271,981.3110498466287
500,Coordination + Self-Attention,full_dyad_plus_coordination_self_attention,Full Dyad + WCC-Continuous,CPC(A+B) + OF(A+B) + Coord_cont(A),SelfAttentionFusion,Self-Attention,5,cpc/speaker; cpc/listener; openface/speaker; openface/listener; coordination_openface_continuous/speaker,1,1,0,1,558083,7,11,16946,0.5924887438871342,0.7115503109066443,0.7109827751285537,0.7058815908295336,0.928168041515458,0.9729282499338099,0.9594021277984466,0.9661178481054257,15321,14699,409,622,0.6634844868735084,0.5325670498084292,0.5908607863974495,522,278,141,244,0.49823819591261453,0.6409791477787852,0.5606661379857257,1103,707,712,396,14699,63,559,91,278,153,318,78,707,0.6381480209593892,0.15418779455218137,0.32520325203252026,1.0,0.6750651775861859,0.6000671404695913,0.17012555459757037,0.27450980392156865,0.9498556998556998,0.6293982346835095,0.9255281482355718,0.7109827751285537,977.5745000677271,981.3110498466287
800,Coordination + Self-Attention,full_dyad_plus_coordination_self_attention,Full Dyad + WCC-Continuous,CPC(A+B) + OF(A+B) + Coord_cont(A),SelfAttentionFusion,Self-Attention,5,cpc/speaker; cpc/listener; openface/speaker; openface/listener; coordination_openface_continuous/speaker,1,1,0,1,558083,7,11,15064,0.8322159567718264,0.7057968873128447,0.6520093524326511,0.6611090839941561,0.9159528939775938,0.9625443262411347,0.957521863746601,0.9600265261761781,13607,13029,507,578,0.7659574468085106,0.4528301886792453,0.5691699604743083,636,288,88,348,0.3888888888888889,0.5456760048721072,0.45413076533198177,821,448,704,373,13029,58,520,164,288,184,343,30,448,0.5978293268658679,0.14666305198329727,0.3250883392226149,1.0,0.6087743652033084,0.5603284717345679,0.1638527336981731,0.22222222222222224,1.0,0.5727961163132251,0.9137679235262879,0.6520093524326512,977.5745000677271,981.3110498466287
1600,Coordination + Self-Attention,full_dyad_plus_coordination_self_attention,Full Dyad + WCC-Continuous,CPC(A+B) + OF(A+B) + Coord_cont(A),SelfAttentionFusion,Self-Attention,5,cpc/speaker; cpc/listener; openface/speaker; openface/listener; coordination_openface_continuous/speaker,1,1,0,1,558083,7,11,14046,1.7980562569871894,0.6857342452260888,0.5372320074771538,0.5610807908153116,0.8536559610392729,0.9118740605964718,0.9634737545971247,0.9369640317008738,11964,11527,1114,437,0.8116710875331565,0.2512315270935961,0.38369905956112854,1218,306,71,912,0.3336575875486381,0.39699074074074076,0.36257928118393234,864,343,685,521,11527,45,392,619,306,293,495,26,343,0.5093109560860981,0.12185721425797048,0.3177083333333333,1.0,0.5081979212413995,0.473878423313542,0.13706617861957546,0.0,0.8042328042328042,0.48462014265409836,0.8668660116759219,0.5372320074771538,977.5745000677271,981.3110498466287
